codigo,producto,precio_c_iva,,,,
AD-5218,Adaptador Ford Focus 1.6 (04/10),91250.49,,,,
AD-5219,Adaptador Multiple Ford Focus II 1.6,96779.19,,,,
AD-5220,Adaptador Multiple Ford Focus II 2.0,96457.13,,,,
AD-5222,Adaptador Ford Focus III 2.0 (13/20),87761.5,,,,
AD-5236,Adaptador Ford Fiesta 1.6 (02/14),83843.09,,,,
AD-5237,Adaptador Ford Ecosport 2.0 (03/10),74127.6,,,,
AD-5245,Adaptador Multiple Ford Ecosport Kinetic 1.6,88351.94,,,,
AD-5251,Adapt. Múltiple Ford Ka 1.0 y 1.6 (10/14),91250.49,,,,
AD-5260,Adapt. Múlt. Ford Fiesta Kinetic 1.6 (10/20) y Ka - 1.5,88405.62,,,,
AD-5416,Adapt. Múltiple VW Gol 1.6 MI (98/11),47235.55,,,,
AD-5417,Adapt. Múlt. VW Gol Power 1.4 (12/15),44551.71,,,,
AD-5419,Adapt. Múlt. Gol Trend y Voyage 1.6,38164.17,,,,
AD-5445,"Adapt. Múlt. VW Fox, Cross Fox y Suran 1.6 (04/10)",78099.68,,,,
AD-5446,"Adap. Múlt. VW Fox, Cross Fox y Suran 1.6 (10/19)",81051.9,,,,
AD-5465,Adapt. Múlt. VW Bora 2.0,85453.4,,,,
AD-5600,Adaptador Múltiple Fiat Uno y Duna 1.6 (88/98),35963.43,,,,
AD-5616,Adaptador Múltiple Fiat 147 Tipo 1.4,35426.66,,,,
AD-5646,Adapt. Múlt. Fiat Palio y Siena - Fire 1.4 (07/11),73054.07,,,,
AD-5647,Adapt. Múlt. Fiat Palio Fire 1.4 (11/14),80944.55,,,,
AD-5648,Adaptador Múltiple Fiat Palio 1.6 E.torQ,66290.79,,,,
AD-5833,Adaptador Múltiple Peugeot 206 1.6 16V,69081.99,,,,
AD-5834,Adaptador Múltiple Peugeot 207 1.4,64143.72,,,,
AD-5835,Adaptador Múltiple Peugeot 207 1.6 16V,73537.16,,,,
AD-5837,Adaptador Múltiple Peugeot 208 1.5,39237.71,,,,
AD-5838,Adaptador Múltiple Peugeot 208 1.6 16V (13/19),39237.64,,,,
AD-5840,Adaptador Múltiple Peugeot 307 1.6 16V,39076.68,,,,
AD-6059,Adaptador Múltiple Renault Clio 1.2 16V (03/12),26569.99,,,,
AD-6060,Adaptador Múltiple Renault Clio Mio 1.2 (12/17),39452.42,,,,
AD-6070,Adaptador Múltiple R.Megane 1.6 8V (97/01),69726.11,,,,
AD-6094,Adap. Múltip. Renault Logan y Sandero 1.6 8V (13/19),87117.38,,,,
AD-6095,Adapt. Múltip. Renault Sandero y Logan 1.6 16V (13/19),76757.76,,,,
AD-6200,Adaptador Múltiple corto Chev. Corsa 1.6 (95/09),37949.47,,,,
AD-6201,Adaptador Múltiple largo Chev. Corsa 1.6 (95/09),81266.61,,,,
AD-6202,Adapt. Múltiple  Corsa Classic 1.4,85453.4,,,,
AD-6230,"Adapt. Múltip. Ch. Astra, Astra II y Zafira - 2.0 8V (99/06)",74664.37,,,,
AD-6232,"Adapt. Múltiple Chev. Astra, Astra II y Zafira - 2.0 16V",74825.4,,,,
AD-6250,"Adapt. Múltip. Ch. Astra, Astra II y Vectra - 2.0 8V (07/11)",77831.3,,,,
AD-6251,Adaptador Múltiple Vectra 2.0 y 2.2 16V (97/06),97799.05,,,,
AD-6252,Adaptador Múltiple Vectra 2.4 16V (07/11),78368.06,,,,
AD-6280,Adap. Múltiple Chevrolet Prisma y Onix 1.4 (13/21),96779.19,,,,
AD-6410,Adaptador Múltiple Toyota Hilux 3.0 4x2 (01/05),54642.94,,,,
C-13,Cola Chevrolet 400 (62/65) y 400 Super (66/74),27536.18,,,,
C-40,Cola Chevrolet Pick Up (66/72),20289.81,,,,
C-45,Cola Chevrolet Pick Up (73/78),30756.78,,,,
C-49,Cola Chevrolet Pick Up C-20 Naf. y D-20 Diesel,31991.35,,,,
C-52,Cola Chevrolet Pick Up D-20 - Turbo (96/98),34138.42,,,,
C-90,Cola Dodge 1500 (71/82),21363.35,,,,
C-91,Cola Volkswagen 1500 (83/92),22597.91,,,,
C-214,"Cola Fiat 147 y Spazio - 1100, 1300",15673.61,,,,
C-215,Cola Spazio 1.4 Tipo,17176.56,,,,
C-216,Cola elim. Sil. Tras. F. Fiorino - Tipo 1.4 y 1300 Diesel,19055.25,,,,
C-240,Cola Ford Falcon (82/92),8105.19,,,,
C-241,Cola Falcon Rural y Ranchero (82/89),10681.67,,,,
C-280,Cola F100 - 8 Cilindros Fase II (72/81),25281.75,,,,
C-282,Cola F100 6 cilindros (82/84) y Perkins (82/90),16317.73,,,,
C-283,Cola F100 6 cilindros (82/84) y Perkins (82/90),31293.55,,,,
C-284,Cola F100 6 cilindros (86/89) y 6 cil. Max Econo (90/92),28072.94,,,,
C-285,Cola derecha F100 (71/81),29951.63,,,,
C-286,Cola izquierda F100 (71/81),29951.63,,,,
C-289,Cola F100 6 cilindros Max Econo (95/96),30756.78,,,,
C-290,Cola F100 - 6 cilind. (69/81) y 8 cilind. (66/72),25281.75,,,,
C-297,Cola Ford F100 - Deutz (8290),49973.06,,,,
C-298,Cola Ford F100 4.9 I y Turbo MWM (96/99),9447.11,,,,
C-302,"Cola F100 - Perkins 6, 6/305, 4 Pot. y 4/203 (64/83)",25281.75,,,,
C-308,Cola F100-Diesel MWM 4 cil.(93/95),35856.07,,,,
C-309,Cola F100 HSD - Maxion 2.5 TD (96/99),43317.14,,,,
C-310,Cola F. F100 Super Dutty - 3.9 TD Cummins (00/06),32742.82,,,,
C-313,Sobre dif. Ford Taunus GLX (79/82),21846.44,,,,
C-333,Cola Ford Focus 1.6 S/Baúl,17230.24,,,,
C-334,Cola Ford Focus 1.6 I C/Baúl (04/12),19860.4,,,,
C-365,Cola Jeep Ika,13204.48,,,,
C-370,Cola Estanciera Ika,32152.38,,,,
C-420,Sobre Diferencial Doble Torino 380W,31400.9,,,,
C-435,Cola Renault 4L y 4S,21578.06,,,,
C-466,Sobre diferencial Renault 18 y Break GTX (82/93),20558.2,,,,
C-510,Sobre diferencial Peug. 504 (83/90) y 505 (81/92),17981.71,,,,
C-523,Cola Peug. Pick Up 504 Nafta (81/99) y Diesel (93/99),23510.42,,,,
C-550,Cola Rastrojero Indenor,15780.97,,,,
C-561,Cola Mercedes Benz Sprinter 310D (97/00),41653.16,,,,
C-586,Cola Toyota Hilux 3.0 TDI Cab.doble 4x2 (05/15),46054.66,,,,
C-591,"Bronco F.100 en caño Ø3""",187385.56,,,,
C-630,Cola Scania Camión 113 (Chasis largo),82232.79,,,,
C-630/1,Cola Scania Camión 113 (Chasis corto),62962.84,,,,
C-638,"Cola Reforma Scania 380, P94, T/R 114 y T/R 124",46967.16,,,,
C-654,Cola Ford Cargo y Volkswagen (96/20),71712.15,,,,
C-655,Cola Ford Cargo y Volkswagen (96/20),84057.8,,,,
C-656,Cola Camión F. Cargo 1722 para tractor semi (98/20),69565.08,,,,
C-680,Cola Mercedes Benz 608,27267.79,,,,
C-690,"Cola Mercedes Benz 1112, 1114, 911",38808.3,,,,
C-701,Cola Fiat Iveco 150(hasta 95),23725.13,,,,
C-720,"Cola Universal larga  Ø2"" - 1m x 1m",32152.38,,,,
C-722,"Cola Universal larga  Ø2"" 1/2 - 1m x 1m",38808.3,,,,
C-723,"Cola Universal larga  Ø3"" - 1m x 1m",47342.9,,,,
C-724,"Cola Universal larga  Ø3"" 1/2 - 1m x 1m",62694.45,,,,
C-725,"Cola Universal larga  Ø4"" - 1m x 1m",73376.13,,,,
C-726,"Cola Universal larga  Ø4"" 1/2 - 1m x 1m",82018.08,,,,
C-735,"Sobrediferencial universal camión Ø4""",56414.27,,,,
C-736,"Sobrediferencial Universal Camión Ø4"" 1/2",62962.84,,,,
C-737,"Curva de 90° - Ø1"" 1/4",7997.84,,,,
C-739,"Curva de 90° - Ø1"" 3/4",9822.85,,,,
C-739/1,"Curva de 45° - Ø1"" 3/4",8588.28,,,,
C-740,"Curva de 90° - Ø2""",10144.91,,,,
C-740/1,"Curva de 45° - Ø1"" 3/4",9017.7,,,,
C-741,"Curva de 90° - Ø2"" 1/4",10950.06,,,,
C-741/1,"Curva de 45° - Ø2"" 1/4",10144.91,,,,
C-742,"Curva de 90° - Ø2"" 1/2",13150.81,,,,
C-742/1,"Curva de 45° - Ø2"" 1/2",11486.83,,,,
C-743,"Curva de 90° - Ø3""",15244.2,,,,
C-743/1,"Curva de 45° - Ø3""",13204.48,,,,
C-743/2,"Curva de 90° - Ø3"" c/boquilla",16747.15,,,,
C-744,"Curva de 90° - Ø3"" 1/2",21846.44,,,,
C-744/1,"Curva de 45° - Ø3"" 1/2",19055.25,,,,
C-745,"Curva de 90° - Ø4""",25013.37,,,,
C-745/1,"Curva de 45° - Ø4""",21739.09,,,,
C-745/2,"Curva de 90° - Ø4"" c/boquilla",27482.5,,,,
C-746,"Curva de 90° - Ø4"" 1/2",29897.95,,,,
C-746/1,"Curva de 45° - Ø4"" 1/2",27214.12,,,,
C-815,Tapa p/Tractor Massey Ferguson 4-203 y 6-305,49221.59,,,,
C-816,Tapa p/Tractor Massey Ferguson 6-354 FII y FIV,50509.83,,,,
C-831,"Tapa p/Tractor 3""",53139.99,,,,
C-836,"Tapa p/Tractor 3""1/2",54213.52,,,,
C-880,Cola Reforma Deutz Fahr AX 4.170,51518.42,,,,
C-5200,Cola Elimina Sil. Trasero Ford Escort 1.6,30381.04,,,,
C-5218,Cola Ford Focus 1.6 - Zetec 1.8 I s/baúl (00/10),29253.83,,,,
C-5219,Cola Ford Focus 1.6 y 2.0 I - C/Baúl (00/10),31669.29,,,,
C-5220,Cola  Ford Focus II 1.6 y 2.0 s/Baul (08/13),30864.14,,,,
C-5222,COLA LIBRE FORD FOCUS III 2.0 (13/20),39506.09,,,,
C-5240,"Cola Derecha Ø2"" Ford F100 - Max Econo (90/94)",49919.38,,,,
C-5241,"Cola izquierda Ø2"" Ford F100 - Max Econo (90/94)",49328.94,,,,
C-5251,Cola Ford Ka 1.0 y 1.6 (10/14),25657.49,,,,
C-5415,"Cola VW Gol 1.6 I, 1.8 I y 2.0 I (96/99)",34353.12,,,,
C-5416,"Cola VW Gol 1.6 MI, Power - 1.4 y 1.0 I parag. envol.",35963.43,,,,
C-5419,Cola VW Gol Trend 1.6,37949.47,,,,
C-5445,Cola VW Fox y Cross Fox 1.6,41277.43,,,,
C-5480,COLA VW UP 1.0 (14/21),38432.56,,,,
C-5491/1,"Cola Deportiva Ø3"" VW Amarok 3.0 V6 (18->)",90626.1,,,,
C-5600,"Cola elimina sil. trasero Ø2"" Fiat Uno",40472.27,,,,
C-5601,"Cola Elimina Sil. Trasero Ø2"" Fiat Duna",43585.53,,,,
C-5602,"Cola Elimina Sil. Trasero Ø2"" 1/4  Fiat Uno",38808.3,,,,
C-5604,Cola Fiat Uno Evo 1.4 (10/16),35695.04,,,,
C-5605,"Cola elimina Sil. trasero Ø2"" 1/4 Fiat Duna",42404.64,,,,
C-5610,Cola Elimina sil. trasero Fiat 128,26516.32,,,,
C-5615,"Cola Elimina Sil. Trasero Fiat 147 - 1100, 1300 y Tipo",24154.54,,,,
C-5627,"Cola Elimina Sil. Tras. F. Palio 1.6 16V, 1.7 TD y 1.3 Fire",36446.52,,,,
C-5629,Cola Elimina Sil. Tras. F. Palio Weekend 1.6 I y 1.7 Diesel,32528.11,,,,
C-5646,Cola  Fiat Palio 1.4 Fire (07/14),35695.04,,,,
C-5649,Cola Fiat Palio 1.6 E.torQ (12/17),38647.26,,,,
C-5650,Cola Fiat Punto 1.4 y 1.8,37842.11,,,,
C-5670,Cola libre Fiat Cronos 1.3 (18->),45517.83,,,,
C-5810,Cola Elimina Sil. Tras. Peugeot 205,30864.14,,,,
C-5833,Cola Peugeot 206 1.6 16V (04/13),31508.26,,,,
C-5837,Cola Peugeot 208 1.5 y 1.6 16V,35211.95,,,,
C-5839,Cola libre Peugeot 208 1.6 16V (19 ->),33064.88,,,,
C-6010,Salto y cola Elimina Sil. Trasero R.18,41331.1,,,,
C-6200,Cola Elimina Sil. Trasero Chev. Corsa 1.6 I s/Baúl,28931.77,,,,
C-6201,Cola Elimina Sil. Tras. Chevrolet Corsa 1.6 I c/baúl,33225.91,,,,
C-6280,Cola Chevrolet Onix 1.4 (13/19),32903.85,,,,
C-6420,Cola Deportiva Toyota Pick Up Hilux 2.8 (16->),77294.45,,,,
C-20162,Cola VW Saveiro 1.6 Reforma Gas (10/22),15577.48,,,,
C-20200,COLA VW UP 1.0 (14/21),19162.6,,,,
C-30710,Cola Fiat Doblo 1.4 16V Reforma Gas,18840.54,,,,
C-30600,COLA Fiat Mobi 1.0 8v y 1.0 3 cil. (16 ->)  NUEVO - NUEVO - NUEVO,24156.02,,,,
C-30800,COLA Fiat Qubo 1.4 (12-16)  NUEVO - NUEVO - NUEVO,14936.0,,,,
C-40340,Cola Ford Focus II - 1.6 y 2.0 s/Baúl (08/13),17713.33,,,,
C-90720,Cola camión Iveco Tector 170 E28 (16->),81051.9,,,,
CATL-45,Catalizador Motores 1000 - 1600 c.c.,239073.58,,,,
CATL-51,Catalizador Motores 1600 - 2200 c.c.,252924.88,,,,
D-12,Salida Chevrolet 400 Super (66/74),35856.07,,,,
D-30,Salida Chevette y GMC 500 (92/93),57004.72,,,,
D-32,Salida Chevrolet Corsa 1.6 I 16V con y sin baúl (95/09),26086.9,,,,
D-33/3,Salida Chevrolet Corsa Diesel con y sin baúl (96/06),69994.49,,,,
D-37,Salida Chevrolet Corsa 1.8 I con y sin baúl (02/11),96725.52,,,,
D-37/1,Salida Chev. Corsa 1.8 con y s/baúl (02/11) y Meriva 1.8,39828.15,,,,
D-40,Salida Chevrolet Pick Up (66/72),38164.17,,,,
D-45,Salida Chevrolet Pick Up (73/78),35534.01,,,,
D-46,Salida Chevrolet Pick Up  Reforma Gas  (73/78),27697.21,,,,
D-51,Salida Chevrolet D-20 (93/96) y Silverado Maxion (97/02),65968.73,,,,
D-52,Sal.Chevr.Pick-up D-20-Turbo(96/98),74664.37,,,,
D-58,Salida Chevrolet S-10 - Maxion y Blazer 2.5  TD (97/00),52495.87,,,,
D-67,Salida Chev. Vectra 2.2 y 2.0 CD 16V,139666.92,,,,
D-70,Salida Ch. Vectra 2.0 GT y Astra II 2.0 8V s/Baúl (07/11),102952.02,,,,
D-74,Salida Chevrolet Astra - 2.0 con y sin baúl (99/06),109876.32,,,,
D-78,Salida Chevrolet Meriva 1.8 I (03/13),96457.13,,,,
D-90,Salida Dodge 1500 (71/73),50348.8,,,,
D-100,Salida Dodge 1500 (73/82),38378.88,,,,
D-101,Salida Dodge 1500 (73/82) y VW 1500 (83/92),64036.37,,,,
D-104/1,Salida VW Golf - 2.0 GTI (96/99) c/antirrígido,108427.05,,,,
D-110,Salida VW Polo - 1.6 I (97/09),59795.91,,,,
D-111,Salida VW Polo - Diesel 1.9 (96/09),85936.49,,,,
D-111/3,Salida VW Polo Diesel 1.9 (96/09) c/Flexible,92485.05,,,,
D-127,Salida VW Gacel GL y Senda 1.6(83/95) y Gol Nac. 1.6(93/95),41760.52,,,,
D-133,Salida VW Gacel GL y Senda 1.8 (88/95) y Gol 1.8 (92/93),57058.39,,,,
D-134,Salida VW Gol 1.8 (94/95) y Saveiro 1.8 (94/97),57434.13,,,,
D-140,Salida VW Saveiro 1.6 (92/94) y Gol Brasilero 1.6 (91/92),56575.3,,,,
D-142,Salida VW Senda Diesel (90/95) y Saveiro 1.6 Diesel (92/94),38486.23,,,,
D-145,Salida VW Gol - 1.6 I (96/98),47557.61,,,,
D-145/1,Salida VW Gol Diesel 1.6 (96/99),73805.54,,,,
D-147,Salida VW Gol 1.6 MI (98/11) y Gol Power 1.6 (09/11),57273.1,,,,
D-147/1,Salida VW Gol Diesel 1.9 (99/05),84487.21,,,,
D-148,Salida valiant IV - 2' mod. 68-71,50295.12,,,,
D-162,"Salida Fiat Palio, Palio Weekend y Siena 1.6 I (97/01)",112506.48,,,,
D-162/1,Salida Fiat Palio 1.6 16V (97/99),100053.47,,,,
D-162/3,"Salida Fiat Palio, Palio Weekend y Siena 1.6 I (97/01)",51851.75,,,,
D-162/4,"Salida Fiat Palio, Palio Weekend y Siena 1.6I (97/01) c/Flex",110627.8,,,,
D-163,Salida Fiat Palio y Siena - Diesel 1.7 (97/01),73590.83,,,,
D-163/1,"Salida Fiat Palio, Palio Weekend y Siena - Turbo Diesel 1.7",82715.88,,,,
D-177,Salida Fiat Palio Fire 1.3 (01/06),89747.54,,,,
D-177/3,Salida Fiat Palio Fire 1.3 (01/06) c/Flexible,101985.84,,,,
D-185,Salida Fiat 1500,36607.55,,,,
D-190,"Salida Fiat 128 - 1100, 1300 (71/91)",27053.09,,,,
D-195,Salida Fiat Duna - 1300 (88/90),51153.95,,,,
D-196,"Salida Fiat Uno 1500, Tipo 1.6 y Duna 1500, Tipo 1.6 y 1.4",49812.03,,,,
D-197,Salida Fiat Duna y Duna Weekend - Diesel 1300,54642.94,,,,
D-197/1,Salida Fiat Duna y Duna Weekend - Diesel 1.7 (92/97),35372.98,,,,
D-200,Salida Fiat 125 y 125 Multicarga,46162.01,,,,
D-206,Salida Fiat Uno Fire 1.3 I (04/15),83682.06,,,,
D-206/1,Salida Fiat Uno Fire 1.3 I (04/15),52388.51,,,,
D-214,"Salida Fiat 147 y Spazio - 1100, 1300 (83/91)",19860.4,,,,
D-215,Salida Fiat Spazio y Fiorino - Diesel 1300,47235.55,,,,
D-216,Salida Fiat Spazio y Fiorino Tipo 1.4,49328.94,,,,
D-217,Salida Fiat Regatta 1.5 (85/90),42404.64,,,,
D-222,Salida Fiat Regatta - 1.6 (90/95),54428.23,,,,
D-226,"Salida Ford Falcon - 170, 187 (62/92)",35319.31,,,,
D-227,"Salida 2do tramo F. Falcon 170, 187 (62/69) y 188 (70/82)",25281.75,,,,
D-230,Salida enterizo Ford Falcon - 188 (70/82),45464.21,,,,
D-231,Salida 1er tramo Ford Falcon - 188 (70/82),25281.75,,,,
D-235,Salida enterizo c/Dif. Ford Falcon - 221 (70/82),51422.33,,,,
D-236,Salida 1er trramo Ford Falcon - 221 (70/82),28556.03,,,,
D-237,Salida 1er trramo Ford Falcon - 221 (70/82),28126.62,,,,
D-240,"Salida enterizo c/Dif. Ford Falcon 188, 221 (82/89)",51046.6,,,,
D-241,"Salida 1er tramo Ford Falcon 188, 221 (82/89)",28556.03,,,,
D-242,"Salida 2do tramo Ford Falcon 188, 221 (82/89)",28126.62,,,,
D-244,Salida enterizo Ford Falcon - Max Econo (90/92),107246.16,,,,
D-250,Salida Ford Escort - 1.6 (86/90),52495.87,,,,
D-252,"Salida Ford Escort - Audi 1.6, 1.8, XR3 (91/92)",54803.97,,,,
D-252/1,"Salida c/Flex. Ford Escort - Audi 1.6, 1.8, XR3 (93/94)",88244.59,,,,
D-252/2,"Salida s/Flex. Ford Escort - Audi 1.6, 1.8, XR3 (93/94)",50509.83,,,,
D-260,Salida Ford Orion y Escort y VW Pointer (94/96),100912.3,,,,
D-260/1,Salida s/Flex. Ford Orion y Escort y VW Pointer (94/96),63123.87,,,,
D-263,Salida c/tuerca Sonda F. Escort Rural y Zetec 1.8 16V(97/03),134084.54,,,,
D-264,Salida Ford Escort - Diesel 1.8 sin Baúl (97/03),95974.04,,,,
D-280,Salida Ford F100 - 8 cilindros Fase II (72/81),49006.88,,,,
D-281,Salida Ford F100 - 8 cilindros Fase II (72/81),31883.99,,,,
D-290,Salida Ford F100 6 cilindros (69/81),30273.69,,,,
D-291,Salida Ford F100 Reforma Gas (69/89),26086.9,,,,
D-295,Salida Ford F100 - 6 cilindros Max Econo (93/96),55394.41,,,,
D-296,Salida Ford F100 Reforma Gas (90/96),53837.79,,,,
D-297,Salida Ford F100 Motor Deutz,53354.7,,,,
D-299,Salida Ford F100 - Turbo MWM (96/99),26569.99,,,,
D-302,Salida Ford F100 - Perkins 4/203 (69/81),45142.15,,,,
D-303,Salida Ford F100 Perkins 4 potenciado (69/81),44498.03,,,,
D-304,Salida Ford F100 Perkins 6 (64/68),45786.27,,,,
D-305,Salida Ford F100 Perkins 6/305 (73/83),52066.45,,,,
D-306,Salida Ford F100 Perkins 4/203 (82/90),33762.68,,,,
D-307,Salida  Ford F100 Perkins 4 potenciado (82/90),32152.38,,,,
D-308,Salida Ford F100 Diesel MWM 4 cilindros (93/95),37359.02,,,,
D-309,Salida Ford F100 HSD - Maxion 2.5 TD (96/99),24637.63,,,,
D-310,Salida Ford F100 Super Dutty - Cummins 3.9 TD (00/06),22973.65,,,,
D-315,Salida Ford Taunus GLX (79/82),14975.82,,,,
D-315/1,Salida Ford Taunus GLX (79/82) c/Protectores,31347.23,,,,
D-320,"Salida Ford Galaxy 2.0 (92/95) y VW Carat - 1.8, 2.0 (87/91)",60440.03,,,,
D-321,Salida Ford Galaxy - 2.0 I (93/95),63714.31,,,,
D-324,Salida c/reemp. Cataliz. Ford Fiesta y Ecosport 1.6I (02/07),64948.88,,,,
D-327,Salida c/reemplaza Catalizador Ford Ka 1.0 I (97/08),49812.03,,,,
D-333,Salida c/Reemp. Catal. Ford Focus 1.6 I con y s/Baúl (04/08),68115.8,,,,
D-340,Salida Ford Sierra 1.6 GL (87/92),56843.69,,,,
D-342,Salida Ford Sierra 2.3 (84/93),45249.51,,,,
D-344,Salida Ford Sierra XR4 Coupe y Ghia S (85/93),41921.55,,,,
D-367,Salida Jeep Ika,28717.06,,,,
D-370,Salida Ford Ranger 2.8 (02/04),27536.18,,,,
D-371,Salida Ford Ranger 3.0 (06/12),19484.66,,,,
D-380,Salida Renault R19 RN 1.6 s/Baúl y RE 1.6 c/Baúl,26086.9,,,,
D-382,Salida Renault R19 RT - 1700  c/Baúl  (92/94),43907.59,,,,
D-383,Salida Renault R19 - Diesel 1.9 (95/99) con y s/Baúl,26408.96,,,,
D-384,Salida Renault R19 RN - 1.6 I (95/97),34889.89,,,,
D-390,Salida Renault Clio 1.4 I (94/99),44659.06,,,,
D-391,Salida Renault Clio 1.6 I (96/99),34997.25,,,,
D-392,Salida Renault Clio y Express - Diesel 1.9 (96/00),25764.84,,,,
D-393,Salida Renault Clio II - Diesel 1.9 con y s/Baúl (00/03),66237.12,,,,
D-393/1,Salida Renault Clio II - 1.5 DCI  con y s/Baúl  (03/10),65270.94,,,,
D-394,Salida Renault Clio II - 1.6 16V  con y s/Baúl  (00/09),101395.39,,,,
D-394/3,Salida Renault Clio II -1.6 16V con y s/Baúl (00/09) c/Flex.,106655.72,,,,
D-396,Salida Renault Clio II - 1.2 16V con y s/Baúl,51529.69,,,,
D-406,Salida Renault Megane RT - 1.6 I (97/99),61084.15,,,,
D-406/1,Salida Renault Megane 1.6 16V y Scenic 1.6 y 2.0 16V,102683.64,,,,
D-406/3,Salida Renault Megane 1.6 16V y Scenic 1.6 y 2.0 16V c/Flex.,108212.34,,,,
D-407,"Salida Renault Megane RT, RXE y Scenic 2.0 I",81642.35,,,,
D-408,Salida Renault Megane y Scenic - TD 1.9,81588.67,,,,
D-408/3,Salida Renault Megane y Scenic 1.9 TD  c/Flexible,86795.32,,,,
D-409,Salida Renault Megane II - 1.6 16V c/Baúl (06/11),107943.96,,,,
D-420,Salida Torino 380W - 7 bancadas (76/82),91035.78,,,,
D-424,Salida Renault Trafic - 1400,41975.22,,,,
D-425,Salida Renault Trafic 2000 y Diesel,60225.32,,,,
D-430,Salida Renault 4L y 4S,8749.31,,,,
D-435,"Salida Renault 4L y 4S, Renault 6 - 2da serie",8749.31,,,,
D-440,"Salida Renault 21, 21 Alize y 21 Nevada (89/96)",59795.91,,,,
D-460,Salida Renault 12 - 1400 y 12 Break,36929.61,,,,
D-462,Salida Renault 12 1600 Caja 5ta.,37412.7,,,,
D-467,Salida Renault 18 y Break GTX (82/93) y Fuego (83/89),59956.94,,,,
D-468,Salida Renault 18 - Diesel (89/93),61889.3,,,,
D-475,Salida Renault 18 - 1400 (84/88),36607.55,,,,
D-476,Salida Renault 18 - 1600 Paragolpes envolvente (89/91),44283.32,,,,
D-480,Salida Renault 11 TL - 1400 (84/86),13794.93,,,,
D-480/1,Salida Renault 9 y 11 TS - 1400; Renault 9 y 11 - 1600,13258.16,,,,
D-481,Salida Renault 9 TXE - 1600 (88/93),17552.3,,,,
D-487,Salida Renault Kangoo 1.6 16V (05/18),101234.36,,,,
D-490,Salida Peugeot 404 (66/80) y Pick Up T5 (73/81),35265.63,,,,
D-495,Salida Peugeot 404 Diesel (71/78),21846.44,,,,
D-500,Salida Peugeot 504 (69/82),33655.33,,,,
D-510,Salida Peugeot 505 (81/82) y Pick Up 504 Nafta (81/99),37305.35,,,,
D-511,Salida Peugeot 504 (83/98) y 505 (83/94),39667.12,,,,
D-522,Salida Peugeot Pick Up 504 Diesel ligero (93/99),17928.04,,,,
D-530,Salida Peugeot 504 Diesel Ligero (88/98),31991.35,,,,
D-535,Salida Peugeot 405 SR (93/99),31883.99,,,,
D-540,Salida Peugeot 306 1.8 I (96/98) Reemplaza Catalizador,69940.81,,,,
D-549,Salida Peugeot 206 Diesel 1.9 (99/06),62211.36,,,,
D-550,Salida Rastrojero Indenor,32903.85,,,,
D-551,Salida Peugeot 206 1.6 16V y 1.4 8V (04/09) Reemp. Cataliz.,58185.6,,,,
D-551/1,Reemplaza Catalizador Peugeot 206 y 307 1.6 16V,45625.24,,,,
D-551/2,Camara reempl. Catal. Universal,36560.23,,,,
D-580,Salida Toyota Pick Up - Diesel  (81/83),57970.9,,,,
D-582,Salida Toyota Pick Up Hilux 4x2 - 2.8 Diesel (96/01),58668.69,,,,
D-583,Salida Toyota Pick Up Hilux 4x4 - 2.8 Diesel (96/01),59420.17,,,,
D-584,Salida Toyota Pick Up Hilux - Diesel 3.0 Doble Cab. (02/05),62426.07,,,,
D-630,Salida Scania Camion 113,132957.33,,,,
D-651,"Salida Ford F600, F700 - Perkins 6/354 (66/72)",29951.63,,,,
D-651/1,"Salida Ford F600, F700 - Perkins 6/354 (73/90)",29951.63,,,,
D-655,Salida Camión Ford Cargo 1722 (98/20),127911.71,,,,
D-680,Salida Camión Mercedes Benz 608,35158.28,,,,
D-681,Salida Mercedes Benz 710 (93/00),61835.62,,,,
D-691,"Salida Camión M. Benz 1112, 1114, 911",52388.51,,,,
D-692,Salida Camión M. Benz 1114 (84/90),53301.02,,,,
D-694,Salida Camión Mercedes Benz 1517,59259.14,,,,
D-695/1,Salida Camión M. Benz 1620 (94/98),92324.02,,,,
D-697,"Salida Mercedes Benz 1215, 1720",69189.34,,,,
D-700,Salida Camión Fiat 619,53193.67,,,,
D-704,Salida Iveco Daily 4910 Turbo (98/00),27750.88,,,,
D-2264,Salida Ford Fiesta Diesel 1.8 (95/96),71604.79,,,,
D-2265,Salida Ford Fiesta 1.3 I (95/96),55233.38,,,,
D-2560,Salida Peugeot 307 1.6 16V con y s/Baúl (01/12),61728.27,,,,
D-2650,"Salida Fiat Uno 70S, SX y 1300 IE (92/94)",49812.03,,,,
D-5240,Salida Derecha c/Silenc. Ford F100 - Max Econo (90/94),101502.75,,,,
D-5241,Salida Izquierda c/Silenc. Ford F100 - Max Econo (90/94),108588.08,,,,
D-5275,Downpipe Ford Ranger 2.2 XL y XLT (11/16),154428.03,,,,
D-5276,Downpipe Ford Ranger 2.2 150 CV (17/20),178796.44,,,,
D-5277,Downpipe Ford Ranger 2.2 160 CV (21/23),189754.71,,,,
D-5278,Downpipe Ford Ranger 3.2 XLS 200CV (17 ->),182232.59,,,,
D-5279,Downpipe Ford Ranger 3.2  200CV (11/16),158028.89,,,,
D-5280,"Downpipe Ford Ranger 3.2 XLT, LTD y FX4 (18 ->)",193236.32,,,,
D-5282,Downpipe Ford Ranger 3.0 V6 (23 ->),238780.54,,,,
D-5283,Downpipe Ford Ranger 2.0 BiTurbo (23 ->),150261.99,,,,
D-5284,Downpipe Ford Ranger 2.0 T (23 ->),142378.3,,,,
D-5290,Downpipe Ford Transit 2.2 TD (12/23),187755.13,,,,
D-5292,Downpipe Ford Transit  2.0 T (23 ->),206965.05,,,,
D-5300,Downpipe Ford Maverick 2.0 T (21 ->),232431.17,,,,
D-5301,Downpipe acople orig. Ford Maverick 2.0 T (21 ->),213253.14,,,,
D-5433,Salida VW Polo 1.6 MSI (17->),86956.35,,,,
D-5460,Salida Motor VW Bora 1.8T,187868.65,,,,
D-5475,Salida Motor VW Vento 2.0 T (07/15),168759.72,,,,
D-5476,Downpipe  VW Vento 1.4 T (19/23),216716.66,,,,
D-5477,Downpipe  VW Vento 1.4 T Sin Brida (19/23),204270.61,,,,
D-5480,Salida VW Up 1.0 (14/21),92324.02,,,,
D-5487,Downpipe VW Amarok 2.0 TDI 122CV y 140CV (10/18),113472.66,,,,
D-5488,Downpipe VW Amarok 2.0 140CV (18->),159742.03,,,,
D-5489,Downpipe VW Amarok 2.0 163CV (10/13),115512.38,,,,
D-5490,Downpipe VW Amarok 3.0 V6 (18 ->),195920.16,,,,
D-5491,Downpipe VW Amarok 2.0 180CV (14/18),115297.67,,,,
D-5492,Downpipe VW Amarok 2.0 180CV (18 ->),145195.63,,,,
D-5600,Salida Fiat Uno y Duna (88/98),44659.06,,,,
D-5610,"Salida Fiat 128 (71/91) caño Ø2""",47987.02,,,,
D-5615,"Salida Fiat 147 - 1100, 1300 (83/91)",46108.33,,,,
D-5660,Downpipe Fiat Toro 2.0 TD (16 ->),169081.78,,,,
D-5670,Salida Fiat Cronos 1.3 (18->),127321.04,,,,
D-5827,Downpipe Peugeot Partner 1.6 HDI (17/21),98281.96,,,,
D-5836,"Downpipe Peugeot 207, 208 y 308 1.6 THP",103864.52,,,,
D-6140,Downpipe Alaskan - Frontier 2.3 TD (18 ->),113132.57,,,,
D-6200,Salida Chevrolet Corsa 1.6 c/ y s/Baúl (95/09) y Pick Up 1.6,46376.72,,,,
D-6220,Downpipe Chevrolet S-10 2.8 TD (13/18),98496.85,,,,
D-6222,Downpipe Chevrolet S-10 2.8 TD (18/22),105474.83,,,,
D-6275,Downpipe Chevrolet Cruze 1.4 T (16/24),128814.19,,,,
D-6285,Downpipe Chevrolet Tracker 1.2 T (20->),143272.95,,,,
D-6420,Downpipe Toyota Hilux 2.8 y 2.4 (18 ->),171765.62,,,,
D-6420/1,Downpipe Toyota Hilux 2.8 y 2.4 (16/18)  s/Tuercas Sensores,140671.56,,,,
D-7200,Downpipe M. Benz Vito 111  1.6 CDI,115190.12,,,,
D-7400,Downpipe Iveco Daily 70-170 ( 20 ->),250567.83,,,,
D-20114,"Salida Fox, Cross Fox y Suran 1.6 (04/10)",110091.03,,,,
D-20147,Salida VW Gol Power 1.4 (12/15),67095.95,,,,
D-30500,Salida Fiat Cronos 1.3 AT y MT (18->),68598.77,,,,
D-30800,Salida Fiat Qubo 1.4 (12-16)  NUEVO - NUEVO - NUEVO,63626.64,,,,
D-40108,Salida Ford Ecosport 1.5 (17/22),97798.88,,,,
D-40311,Salida Ford F100 - Cummins TD 3.9 (06/12),30058.98,,,,
D-40330,Salida Ford Focus 1.8 s/Baúl (00/05) y 2.0 c/Baúl (00/08),76918.79,,,,
D-50399,Salida Renault Clio Mio 1.2 (12/17),54803.97,,,,
D-50401,Salida Renault Sandero y Logan 1.6 16V (13/19),52871.52,,,,
D-50450,Salida Renault Sandero y Logan 1.6 8V (08/13),61728.27,,,,
D-50490,Salida Kangoo II 1.6 Sce (18->),56132.41,,,,
D-50700,"Salida Reemp. Catal. R. Duster,Logan,Oroch y Sandero 1.6 16V",51368.66,,,,
D-50704,Salida Reemp. Catal. Renault Duster 2.0 4x4 (12/18),114224.14,,,,
D-60112,Salida Peugeot Partner 1.4 (10/17),75523.2,,,,
D-60200,Salida Peugeot 307 1.6 16V (10/12) y 308 1.6 16V (12/22),65485.64,,,,
D-60560,Salida Peugeot 207 - 1.4 (08/16) y 1.6 16V (08/13),95920.36,,,,
D-60600,Salida Peugeot 208 - 1.5 8V (13/17) y 1.6 16V (13/19),67471.56,,,,
D-60602,Salida Reemp. Catalizador Peugeot 208 1.6 16V (19 ->),59366.49,,,,
D-80088,Salida Citroen C3 Picasso y C3 Aircross (10/21),66881.24,,,,
D-90657,Salida Camión Ford Cargo 1722 - Electronico (06/11),76757.76,,,,
D-90658,Salida Camión Ford Cargo 1722 (12/20),73805.54,,,,
DC-551,Salida c/Catalizador Peugeot 206 1.6 16V y 1.4 8V  (04/08),280997.82,,,,
DC-2560,Salida c/Catalizador Peugeot 307 1.6 16V c/ y s/Baúl (01/12),281319.88,,,,
DC-2564,Múltiple c/Cat. Peugeot 307 y 408; Citroen C4 y Picasso 2.0,365001.94,,,,
DC-10032,"Múlt. c/Catal. Ch. Corsa, Celta, Onix, Prisma y Agile - 1.4",360493.1,,,,
DC-10085,Salida c/Catalizador Chevrolet Aveo 1.6 (08/14),317659.04,,,,
DC-10800,Múlt. c/Cataliz. Ch. Cruze 1.8 (10/15) y Tracker 1.8 (12/20),348684.21,,,,
DC-10900,"Catalizador Inter. Ch. Prisma, Onix y Joy - 1.4 y Spin - 1.8",257648.43,,,,
DC-20157,"Múlt. c/Cataliz. VW Gol Trend, Suran, Fox y Voyage - 1.6",351207.02,,,,
DC-20200,Salida c/Catalizador VW UP 1.0 (14/21),331722.35,,,,
DC-30170,"Múltiple c/Cataliz. Fiat Palio, Strada y Siena - 1.6 E.torQ",350938.63,,,,
DC-30180,"Múlt. c/Catal. Fiat Palio, Siena y Strada - Fire 1.4 (07/14)",349972.45,,,,
DC-30190,"Múltip. c/Catal. Fiat Palio, Siena y Strada 1.4 Fire (14/20)",383788.81,,,,
DC-40100,Múltple c/Catalizador  Ford Ecosport Kinetic - 1.6  (12/17),401824.2,,,,
DC-40105,Múltiple c/Catalizador Ford Ecosport Kinetic 2.0 (13/17),434513.34,,,,
DC-40324,"Múltiple c/Cataliz. Ford Focus, Fiesta One y Ecosport - 1.6",374126.99,,,,
DC-40326,Múlt. c/Cataliz. Fiesta Kinetic 1.6 (10/20) y Ka 1.5 (16/21),402038.91,,,,
DC-40340,Múltiple c/Catalizador Ford Focus II - 2.0 (08/13),465109.09,,,,
DC-40341,Múltiple c/Catalizador Ford Focus II 1.6 (08/13),409499.97,,,,
DC-40343,Múltiple c/Catalizador  Ford Focus III 2.0  (13/20),410466.16,,,,
DC-50400,Múltiple c/Cataliz. Renault Logan y Sandero 1.6 8V (13/19),370262.27,,,,
DC-50401,Salida c/Catalizador Renault Sandero y Logan 1.6 16V (13/19),260869.04,,,,
DC-50700,"Salida c/Cataliz. R. Duster, Logan, Oroch y Sandero 1.6 16V",260332.27,,,,
DC-50702,Salida c/Catalizador Renault Duster y Oroch 2.0 16V,311325.19,,,,
DC-60200,Salida c/Catalizador Peugeot 307 y 308 1.6 16V,258238.88,,,,
DC-60600,Salida c/Cataliz. Peug. 208 1.6 16V (13/19) y 1.5 8V (13/17),279119.13,,,,
DC-70100,Salida c/Catalizador  Toyota Etios 1.5  (13->),267310.25,,,,
DE-10032,"Múlt. Reemp. Catal. Chev. Corsa, Celta, Onix y Agile - 1.4",152012.57,,,,
DE-20112,Salida Reempl. Catalizador VW Polo 1.6 MSI (17->),146483.87,,,,
DE-20157,"Múlt. Reemp. Cataliz. VW Gol Trend, Suran, Fox y Voyage- 1.6",140955.16,,,,
DE-30180,"Múlt. Reemp. Catal. Palio, Siena y Strada - Fire 1.4 (07/14)",147503.73,,,,
DE-40340,Múltiple Reemp. Catalizador Ford Focus II - 2.0 (08/13),204937.58,,,,
I-32,Intermedia Chevrolet Corsa elimina catalizador,35426.66,,,,
I-60,Interm. Chevrolet Luv e Isuzu - Diesel 2.5 (95/99),45839.95,,,,
I-80,Intermedia Citroen 3CV Y AMI 8,19162.6,,,,
I-100,Precamara Dodge 1500 (73/82),55126.03,,,,
I-101,Intermedia Dodge 1500 (73/82),18679.51,,,,
I-104,Intermedia Volkswagen Golf - 2.0 GTI (96/99),16478.76,,,,
I-110,Precamara Reempl. Catalizador VW Polo 1.6 I,42297.28,,,,
I-140,Prec. interm. anula cat. VW Saveiro - 1.8 (94/97),54267.2,,,,
I-140/2,"Prec. Reempl. Catalizador Boquilla Ø1"" 7/8",36822.26,,,,
I-147,Intermedia Reempl. Catalizador VW Gol 1.6 MI,53032.64,,,,
I-147/1,Reemplaza Catalizador VW Gol Diesel 1.9,48845.85,,,,
I-147/2,"Turbo Reempl. Catalizador Boquilla Ø2""1/8",21953.79,,,,
I-148,Intermedia VW Gol 1.0 I (00/02),26516.32,,,,
I-162,Intermedia Fiat Palio - 1.6 I (97/01),47450.25,,,,
I-162/1,Intermedia Fiat Palio - 1.6 16V (97/99),50617.18,,,,
I-168,Reempl. Catalizador F. Palio 1.8 y Strada 1.8,61406.21,,,,
I-177,Reempl. Catalizador F. Palio Fire 1.3,33494.3,,,,
I-178,Intermedia Fiat Palio Fire 1.4,49704.68,,,,
I-185,Intermedia Fiat 1500,32152.38,,,,
I-196,Intermedia Fiat Uno y Duna,24154.54,,,,
I-196/1,Intermedia Fiat Uno 1500 Brasilero,22490.56,,,,
I-200,Intermedia Fiat 125,18411.13,,,,
I-216,Intermedia Fiat Spazio M.Tipo 1.4,23027.33,,,,
I-250,Intermedia Ford Escort 1.6,23993.51,,,,
I-252/1,Intermedia Ford Escort - Audi 1.6,28931.77,,,,
I-299,Intermedia Ford F-100 Turbo MWM (96/99),26355.29,,,,
I-306,Interm. F-100 Perkins 4/203 y Potenciado (82/90),16478.76,,,,
I-307,Interm. F-100 Perkins 4/203 y Potenciado (82/90),23456.74,,,,
I-308,Interm. F-100 Diesel MWM 4 cilindros (93/95),21631.73,,,,
I-309,Interm. F-100 HSD - Maxion 2.5 TD (96/99),20665.55,,,,
I-310,Interm. F-100 Super Dutty-Cummins TD 3.9 (00/06),34836.22,,,,
I-322,Intermedia s/silenc. Ford Fiesta 1.0 I (98),44444.35,,,,
I-325,Intermedia Ford Ka 1.3 I (97/99),59956.94,,,,
I-326,Intermedia Ford Ka 1.3 I (97/99),22705.27,,,,
I-327,Intermedia c/Turbo Ford Ka 1.0 I (97/08),56253.24,,,,
I-329,Intermedia c/Turbo Ford Ka 1.0 (08/10),54052.49,,,,
I-366,Intermedio chasis largo Jeep Ika,23510.42,,,,
I-370,Intermedia Ford Ranger 2.8 TD (96/98),39881.83,,,,
I-385,Intermedia R19 RT 1.8 I,41009.04,,,,
I-390,Interm. elim. Catalizador R Clio 1.4 I y 1.6 I,62426.07,,,,
I-393/1,Intermedia Clio II 1.5 DCI,21256.0,,,,
I-394,Intermedia R.Clio II 1.6 I 16V C/S/Baúl,94202.71,,,,
I-396,Intermedio c/turbo Renault Clio II 1.2 16V,41814.19,,,,
I-406,Precam. Interm. R. Megane RT - 1.6 I (97/99),90499.01,,,,
I-406/1,Intermedia R. Megane - 1.6 I 16V (00/09),46591.42,,,,
I-407,Precam. Intermedia R. Megane RT,48792.17,,,,
I-407/1,Interm. Reemp. Catalizador R. Megane RT y Scenic,64197.4,,,,
I-408,Intermedia R.Megane - 1.9 TD (97/09),56790.01,,,,
I-410/2,"Turbo reemplaza catalizador Boq. Ø2""",27965.59,,,,
I-425,Interm.corta R.Trafic 1400-2000 y Diesel,24369.25,,,,
I-426,Interm. larga R. Trafic 2000 y Diesel,28824.42,,,,
I-435,Intermedia 4L y 4S,13687.57,,,,
I-445,Intermedio Renault 6 2da Serie,29146.48,,,,
I-447,Intermedia R.Twingo (94/01),23242.04,,,,
I-460,Interm. 2do tramo Renault 12 - 1400 y Break,43370.82,,,,
I-460/1,"Prec. sin caño R.12 - 1400, Break y 1600 Caja 5ta",33601.65,,,,
I-461,"Int. 3er tramo R.12 - 1400, Break y 1600 Caja 5ta",26731.02,,,,
I-462,Precam. 2do tramos Renault 12 - 1600 Caja 5ta,41438.46,,,,
I-475,Precam. 2do tr. Renault 18 - 1400 (84/88),45410.54,,,,
I-475/1,Precam. 2do tr. Renault 18 - 1600 - Parag. envolv.,41653.16,,,,
I-476,Interm. 3er tr. R.18 - 1600 - Parag. envolv.,27804.56,,,,
I-490,Intermedia Peugeot 404 (66/80),26355.29,,,,
I-505,Resonador Peugeot 504 (69/82),61513.56,,,,
I-506,Interm. anula reson. Peugeot 504 (69/82),23939.83,,,,
I-510,Reson. Peugeot 504 (83/98) y 505 (83/92),46967.16,,,,
I-522,Interm. Peug. Pick Up 504 Nafta y Dies. Ligero,18303.77,,,,
I-528,Interm. Peugeot Partner - Diesel 1.9 (98/10),29575.89,,,,
I-547,Intermedia Peugeot 206 - 1.6 I Nacional (99/03),39130.36,,,,
I-549,Intermedia Peugeot 206 Diesel 1.9 (99/06),26033.23,,,,
I-551,Intermedia Peugeot 206 1.6 16V,27589.85,,,,
I-552,Intermedia Peugeot 206 1.4,28824.42,,,,
I-690,Interm. Corta Merc. Benz 1112 - 1114 - 911,10466.97,,,,
I-691,Interm. Larga Mercedes Benz 1112 - 1114 - 911,19377.31,,,,
I-694,Intermedia Corta Mercedes Benz 1517,11916.24,,,,
I-695,Intermedia Larga Mercedes Benz 1517,21578.06,,,,
I-697,Intermedia Mercedes Benz 1215 - 1720,25067.05,,,,
I-698,Intermedia Mercedes Benz 1938 (92/96),43424.5,,,,
I-2265,Intermedia Elim. Catalizador F. Fiesta 1.3 I (95/96),51529.69,,,,
I-2404,Intermedia c/Turbo Suzuki Fun 1.0 I,57004.72,,,,
I-2560,Intermedia Peugeot 307 - 308 1.6 16V,26516.32,,,,
I-5202,Intermedia c/silenc. Ford Escort Brida 3 agujeros,93934.32,,,,
I-5205,Int. c/sil. Ford Escort XR3 2.0 I,85674.81,,,,
I-5210,Intermedia c/silenc. Ford Escort 1.8 I 16V,98228.46,,,,
I-5218,Intermedia c/silenc. Ford Focus 1.8 I,99624.06,,,,
I-5219,Intermedia c/silenc.  Ford Focus II 1.6,102790.99,,,,
I-5220,Intermedia c/Silenc. Ford Focus II 2.0,119860.2,,,,
I-5228,Intermedia c/Silenc. Ford Ka 1000,76650.41,,,,
I-5233,Int. c/sil. Diesel Ford Fiesta 1.3I,82554.85,,,,
I-5236,Intermedia c/silenc. Ford Fiesta - 1.6 I (02/14),75254.81,,,,
I-5251,Intermedia c/silenc.  Ford Ka 1.0 y 1.6 (10/14),74449.66,,,,
I-5260,Intermedia c/silenc. Ford Fiesta Kinetic Design 1.6,91411.52,,,,
I-5275,Intermedia Ford Ranger 2.2 y 3.2  (11/16),55770.15,,,,
I-5277,Intermedia Ford Ranger 2.2 y 3.2  (20/23),51224.34,,,,
I-5278,"Interm. Elimina DPF Ford Ranger 2,2 y 3,2 (17/20)",62372.39,,,,
I-5283,Intermedia Ford Ranger 2.0 Turbo y Bi Turbo (23 ->),47881.9,,,,
I-5290,"Imterm. Elimina DPF Ford Transit 2,2 TD (12/23)",54961.13,,,,
I-5300,Intermedia c/silenc. Ford Maverick 2.0 T (21 ->),139863.57,,,,
I-5400,"Intermedia s/silenc. VW Senda, Gacel y Gol 1.6",37359.02,,,,
I-5411,"Intermedia s/silenc. VW Senda, Gol, Saveiro",37949.47,,,,
I-5415,"Intermedia c/silenc. VW Gol 1.6 I, 1.8 I, 2.0 I",79065.86,,,,
I-5417,Intermedia  VW Gol - 1.6 MI (98/11),86687.96,,,,
I-5418,Intermedia c/silenc.  VW Gol 1.4,78475.42,,,,
I-5419,Intermedia c/Silenc. VW Gol Trend 1.6,99731.41,,,,
I-5419/1,Intermedia Libre VW Gol Trend 1.6,68115.8,,,,
I-5433,Intermedia c/silenc. VW Polo 1.6 MSI (17 ->),79709.98,,,,
I-5435,"Intermedia c/silenc.  Golf - 1.8 I, 2.0 I y GTD",67525.36,,,,
I-5437,Intermedia c/silenc.  VW Golf IV - 1.6 I (99/12),65378.29,,,,
I-5445,Intermedia c/Silenc. VW Fox 1.6 (04/19),63016.51,,,,
I-5460,Intermedia Libre VW Bora 1.8 T (03/15),85668.1,,,,
I-5465,Intermedia Libre VW Bora 2.0,65861.38,,,,
I-5470,Intermedia c/silenc. VW Vento 2.5,94739.48,,,,
I-5475,Intermedia c/silenc. VW Vento 2.0 T (07/15),123456.54,,,,
I-5475/1,Intermedia libre VW Vento 2.0 T (07/15),102565.3,,,,
I-5476,Intermedia c/silenc. VW Vento 1.4 T (19/23),94829.57,,,,
I-5480,Intermedia c/Silenc. VW Up 1.0 (14/21),90445.33,,,,
I-5490,Elimina DPF VW Amarok 3.0 V6 (18 ->),51529.69,,,,
I-5491,Intermedia VW Amarok 3.0 V6 (18 ->),77401.88,,,,
I-5491/1,"Intermedia Ø 3""  VW Amarok 3.0 V6 (18 ->)",79359.14,,,,
I-5600,Intermedia c/silenc.  Fiat Uno y Duna,96832.87,,,,
I-5600/1,Intermedia Libre Fiat Uno y Duna,62318.71,,,,
I-5604,Intermedia c/silenc.  Fiat Uno Evo 1.4 (10/16),72463.62,,,,
I-5616,Intermedia Libre Fiat 147 motor Tipo (90/96),46215.69,,,,
I-5627,Intermedia c/silenc. Fiat Palio 1.6,76167.32,,,,
I-5645,Intermedia c/Silenc. Fiat Palio 1.8 (04/10),90821.07,,,,
I-5646,Intermedia c/Silenc. Fiat Palio 1.4 Fire,76167.32,,,,
I-5648,Intermedia c/Silenc. Fiat Palio 1.6 EtorQ,75362.17,,,,
I-5650,Intermedia c/Silenc. Fiat Punto 1.4 y 1.8,81642.35,,,,
I-5670,Intermedia c/silenc.  Fiat Cronos 1.3 (18 ->),84272.4,,,,
I-5800,Intermedia c/silenc. Peugeot 505 (83/93),72839.36,,,,
I-5831,Intermedia c/silenc. Peugeot 206 - Nacional,75684.23,,,,
I-5833,Intermedia c/silenc. Peugeot 206 16V (04/08),79334.25,,,,
I-5834,Intermedia c/silenc.  Peugeot 207 1.4,88083.56,,,,
I-5837,Intermedia c/silenc.  Peugeot 208 1.5 (13/17),94685.8,,,,
I-5838,"Internedia c/silenc. Peugeot 208 1,6 16V (13/19)",95759.16,,,,
I-5839,Intermedia c/silenc. 208 1.6 16V  (19 ->),89854.89,,,,
I-5862,"Interm. Elimina DPF P. Expert y Cit. Jumpy 1,6 HDI  (22->)",25281.7,,,,
I-5870,Interm. Elimina DPF Peu. Boxer y Cit. Jumper 2.2 HDI (18/22),56145.79,,,,
I-6010,Intermedia c/silenc. R 18 - 2.0 paragolpes viejo,91143.13,,,,
I-6051,Intermedia Renault Laguna - 2.2 I (95 -),75254.81,,,,
I-6055,Intermedia c/silenc. Renault Clio 1.4 y 1.6,91035.78,,,,
I-6058,Int. c/sil. Clio II- 1.6 y Dies,73107.74,,,,
I-6059,Intermedia c/silenc. Clio II -1.6 I 16V,64787.85,,,,
I-6060,Intermedia c/silenc.  Clio II - 1.2 I 16V - S/Baul,65861.38,,,,
I-6061,Intermedia c/silenc. Clio II 1.2 16V c/ y s/baul (03/12),58883.4,,,,
I-6062,Intermedia c/silenc.  Renault Clio Mio 1.2,73483.48,,,,
I-6065,Interm. c/Silenc. Renault Express - 1.9 Diesel (96/00),78797.48,,,,
I-6070,Intermedia c/silenc. Renault Megane,68008.45,,,,
I-6072,Intermedia c/silenc. Renault Megane II,64251.08,,,,
I-6094,Intermedia c/silenc. R. Logan y Sandero 1.6 8V y 16V (13/19),89210.77,,,,
I-6120,Intermedia c/silenc.  Renault Fluence 2.0 (10/18),75845.26,,,,
I-6130,Intermedia c/silenc. Renault Kwid 1.0 (17 ->),70155.52,,,,
I-6200,"Intermadia c/silenc. Ch. Corsa 1.6, Classic 1.4 y Celta 1.4",88459.29,,,,
I-6210,Intermedia c/silenc. Chevrolet Corsa 1.6 I Pick Up (96/99),95813.01,,,,
I-6222,Interm. Elimina DPF Chevrolet S-10 2.8 TD (18/22),138217.65,,,,
I-6232,Intermedia c/silenc. Chevrolet  Astra 2.0 S/Baúl,77079.82,,,,
I-6270,Intermedia c/silenc.  Chevrolet Agile - 1.4 (09/17),90176.95,,,,
I-6276,Intermedia Chevrolet Cruze 1.4 T (16/24),79039.71,,,,
I-6280,Intermedia c/silenc. Chevrolet Onix 1.4 (13/19),98282.14,,,,
I-6800,Intermedia c/silenc. Citroen C3 1.6 16V (03/13),94632.12,,,,
I-6802,Intermadia c/silenc. Citroen C3 1.6 16V (13/22),75254.81,,,,
I-7000,Silenc. Intermedio RAM 1500 5.7 V8 (13->),90176.95,,,,
I-10032,Intermedia Chevrolet Agile y Corsa 1.4 (09/17),73215.1,,,,
I-10250,Intermedia Chevr. Tracker 1.8 (12/20),91143.13,,,,
I-10300,Reempl. Catal. Chevrolet Prisma y Onix 1.4 y Spin 1.8 (13->),37480.63,,,,
I-10301,Intermedia Chevrolet Onix 1.4 (13->),33655.33,,,,
I-10350,Intermedia Chevrolet S-10 2.8 (13/17),123456.54,,,,
I-10800,Intermedia Chevrolet Cruze 1.8 (10/15),78099.68,,,,
I-10900,Intermedia Chevrolet Spin 1.8 (12->),69243.02,,,,
I-10901,Intermedia c/Turbo Chevrolet Spin 1.8 (12->),53139.99,,,,
I-20114,Intermedia VW Fox y Suran 1.6 (10/19),21148.64,,,,
I-20148,Reemplaza Catalizador VW Gol 1.6 (09/11),59634.88,,,,
I-20157,Intermedia VW Gol Trend 1.6,68330.51,,,,
I-20158,Intermedia Trasera VW Gol Trend 1.6,26945.73,,,,
I-20161,Intermedia VW Saveiro 1.6 (10/22),27965.59,,,,
I-20700,Intermedia VW Amarok 2.0 TDI (10 ->),22812.62,,,,
I-30170,Intermedia Fiat Palio E.torQ 1.6 (12/17),64090.05,,,,
I-30176,Intermedia Fiat Palio Weekend 1.6 E.torQ (10/17),71121.7,,,,
I-30181,Intermedia Fiat Palio Weekend Fire 1.4,54750.29,,,,
I-30190,Intermedio Fiat Fiorino 1.4 Fire (14->),51529.69,,,,
I-30204,Intermedia Libre Fiat Fiorino - 1.3 Fire,33279.59,,,,
I-30206,Intermedia Libre Fiat Uno Fire - 1.3 (04/15),33923.71,,,,
I-30400,Intermedia Libre Fiat Strada 1.4 Fire (09/20),26247.93,,,,
I-30499,Intermedia Libre Fiat Cronos 1.3 MT (18->),46806.05,,,,
I-30500,Intermedia Libre Fiat Cronos 1.3 AT (18->),45732.53,,,,
I-30600,Intermedia Fiat Mobi 1.0 8v Fire (16-21) NUEVO - NUEVO - NUEVO,65135.99,,,,
I-40324,Intermedia Ford Ecosport 1.6 (08/12),26355.29,,,,
I-40325,Caño Reforma Gas Ecosport 1.6 (08/12),19055.23,,,,
I-40329,Intermedia Ford Ka 1.0 y 1.6 (10/14),74986.43,,,,
I-40330,Intermedia Ford Focus 1.8,112238.1,,,,
I-40333,Intermedia Ford Focus 1.6 (08/12),32474.44,,,,
I-50100,Intermedio c/turbo Renault Kwid 1.0 (17 ->),36983.29,,,,
I-50399,Intermedia c/Turbo Renault Clio Mio,42243.61,,,,
I-50400,Intermedia Renault Sandero y Logan 1.6 8V,31132.52,,,,
I-50401,Intermedia c/Turbo R. Logan y Sandero 1.6 8V (13/19),50026.74,,,,
I-60109,Intermedia Peugeot Partner 1.6 HDI (10 ->),51279.05,,,,
I-60110,Intermedia Peugeot Partner 1.6 HDI (10 ->),39184.03,,,,
I-60302,Intermedia Peugeot 408 - 1.6 16V (15/21),29253.83,,,,
I-60560,Intermedia Peugeot 207 1.4 s/Baúl,39130.36,,,,
I-60561,Intermedia Peugeot 207 1.4 c/Baúl,41331.1,,,,
I-60562,Intermedia Peugeot 207 1.6 16V s/Baul (08/13),22168.5,,,,
I-60563,Intermedia Peugeot 207 1.6 16V c/Baúl (09/12),24369.25,,,,
I-60600,Intermedia Peugeot 208 1.5,49382.62,,,,
I-60602,Intermedio Peugeot 208 1.6 16V (19 ->),43585.53,,,,
I-70100,Turbo Delantero Toyota Etios 1.5 s/Baul (13->),55018.68,,,,
I-70101,Turbo Delantero Toyota Etios 1.5 c/Baul (13->),55018.68,,,,
I-80100,Intermedia Citroen C3 1.5 8V (13 ->),50241.44,,,,
I-80601,Intermedio Jeep Compass 2.4 (17 ->),20182.46,,,,
I-90638,Intermedia Camión Scania 114,48201.73,,,,
I-90696,Intermedia Camion M.Benz 1634,67740.07,,,,
I-90800,Intermedia Camion VW 19320 y 25370 (08/15),77831.31,,,,
MU-5220,"Múltiple Ford Focus II, Focus III y Ecosport - 2.0",134406.6,,,,
MU-5250,"Múltiple Ford Fiesta, Ecosport, Focus y Ka - 1.6; F. Ka 1.0",110735.15,,,,
MU-5260,"Múltiple F. Fiesta Kinetic, Ecosport Kinetic y Focus II -1.6",112989.57,,,,
MU-5416,Múltiple VW Gol - 1.6 MI (98/11),129360.98,,,,
MU-5417,Múltiple VW Gol Power 1.4 (12/15),117337.39,,,,
MU-5419,"Múltiple VW Gol Trend, Voyage, Suran, Fox y Cross Fox - 1.6",108051.31,,,,
MU-5465,Múltiple VW Bora - 2.0 (03/15),123724.92,,,,
MU-5600,"Múltiple Fiat 147 Tipo, Uno y Duna",101985.84,,,,
MU-5646,Múltiple Fiat Palio  y Siena -  Fire 1.4,114492.52,,,,
MU-5647,Múltiple Fiat Palio 1.4 Fire (11/14) y Uno Evo 1.4 (10/16),111003.53,,,,
MU-5648,Múltiple Fiat Palio y Strada - 1.6 E.torQ,107729.25,,,,
MU-5833,M£ltiple Peugeot 206 y 307 1.6 16V,120235.93,,,,
MU-5834,Múltiple Peugeot 207 1.4 (08/16) y 208 1.5 (13/17),112935.9,,,,
MU-6059,Múltiple Renault Clio II - 1.2 16V (03/12),112077.07,,,,
MU-6060,Múltiple Renault Clio Mio 1.2 (12/17),109554.26,,,,
MU-6070,"Múltiple Renault Megane, Logan y Sandero - 1.6 8V",109876.32,,,,
MU-6200,Múltiple Chevrolet Corsa 1.6  (95/09),149543.44,,,,
MU-6201,"Múltiple Ch. Corsa 1.6; Corsa II, Agile, Celta y Onix - 1.4",118035.19,,,,
MU-6230,"Múltiple Chevrolet Astra, Astra II y Zafira - 2.0 8V",121041.09,,,,
MU-6232,"Múltiple Ch. Astra y Zafira 2.0 16V; Vectra 2.0, 2.2 y 2.4",131132.32,,,,
MU-6250,Múltiple Chevrolet Astra II y Vectra - 2.0 8V (07/11),121041.09,,,,
MU-6410,Múltiple Toyota Pick Up Hilux 3.0 4x2 (01/05),134513.95,,,,
S-10,Silenciador Chevrolet 400 (62/65),40150.21,,,,
S-80,Disparador Citr”en 3CV y Ami 8,92324.02,,,,
S-81,Sil. Central Orig. c/cola Citroen 3CV y Ami 8,51422.33,,,,
S-170,Conjunto Completo Fiat 600 y 750,66827.56,,,,
S-175,Conjunto Completo Silenciador Fiat 600,105904.24,,,,
S-190,"Silenc. Delantero Fiat 128 - 1100, 1300 (71/91)",95007.86,,,,
S-191,"Silenc. trasero Fiat 128 - 1100, 1300 (71/91)",80354.1,,,,
S-270,Silenc. F100 8 cil. (66/72) y 6 cil. (69/81),54965.0,,,,
S-280,"Sil. F100 8 Cil. Fase II (72/81), 6 cil. (82/89) y Perkins 4",55233.38,,,,
S-365,Silenciador Jeep Ika,33440.62,,,,
S-435,Silenciador Renault 4L y 4S,68276.83,,,,
S-445,Precam. Delantera Renault R6 - 2da Serie,44122.29,,,,
S-446,Precam. Trasera Renault R6 - 2da Serie,41814.19,,,,
S-480/1,Precamara R11 y R9,53515.73,,,,
S-550,Silenciador Rastrojero Indenor,38539.91,,,,
S-635,Silenc. Interm. Scania Camión 113 y Colectivo,129575.69,,,,
S-680,Silenciador Mercedes Benz 608,64895.2,,,,
S-681,Silenciador Mercedes Benz 710 (93/00),100965.98,,,,
S-690,"Silenc. Universal - Tapa 180 x 900 mm - Boq. Ø 2"" 5/8",60386.35,,,,
S-690/1,"Silenc. Universal - Tapa 180 x 900 mm - Boq. Ø 2"" 5/8 c/Int.",95007.86,,,,
S-696,"Silenciador Camion Mercedes Benz 1634, 1632 - 1938e",350026.13,,,,
S-698,Silenc. Mercedes Benz 1938 (92/96),180031.84,,,,
S-752,"Silenc. Universal - Tapa 160 x 600 mm - Boq. Ø 2"" 5/8",44659.06,,,,
S-752/1,"Silenc. Universal - Tapa 160 x 600 mm - Boq. Ø 2"" 5/8 c/Int.",74342.31,,,,
S-753,"Silenc. Universal - Tapa 160 x 600 mm - Boq. Ø 3"" 1/8",46054.66,,,,
S-753/1,"Silenc. Universal - Tapa 160 x 600 mm - Boq. Ø 3"" 1/8 c/int.",75576.87,,,,
S-754,"Silenc. Universal - Tapa 180 x 900 mm - Boq. Ø 3"" 1/8",61728.27,,,,
S-754/1,"Silenc. Universal - Tapa 180 x 900 mm - Boq. Ø3"" 1/8 c/Int.",96242.42,,,,
S-755,"Silenc. Universal - Tapa 180 x 900 mm - Boq. Ø3"" 5/8",66559.18,,,,
S-755/1,"Silenc. Universal - Tapa 180 x 900 mm - Boq. Ø3"" 5/8 c/int.",92216.67,,,,
S-760/1,"Silenc. Universal - Tapa 250 x 1000 mm - Boq. Ø3"" 1/8 c/Int.",156521.42,,,,
S-761,"Silenc. Universal - Tapa 250 x 1000 mm - Boq. Ø3"" 5/8",103435.11,,,,
S-761/1,"Silenc. Universal - Tapa 250 x 1000 mm - Boq. Ø3"" 5/8 c/Int.",159849.38,,,,
S-762,"Silenc. Universal - Tapa 250 x 1000 mm - Boq. Ø4"" 1/8",106011.59,,,,
S-762/1,"Silenc. Universal - Tapa 250 x 1000 mm - Boq. Ø4"" 1/8 c/Int.",162157.48,,,,
S-768,"Silenc. Univ. Ovalado Boq. Ø3""1/8 desplazada - 900mm",87224.73,,,,
S-768/1,"Silenc. Univ. Ovalado Boq. Ø3""1/8 desplazada - 900mm c/int.",132957.33,,,,
S-769,"Silenc. Univ. Ovalado Boq. Ø3""1/2 desplazada - 900mm",90821.07,,,,
S-769/1,"Silenc. Univ. Ovalado Boq. Ø3""5/8 desplazada - 900mm c/Int.",140472.07,,,,
S-770,"Silenc. Univ. Ovalado Boq. Ø4""1/8 desplazada - 900mm",93504.91,,,,
S-770/1,"Silenc. Univ. Ovalado Boq. Ø4""1/8 desplazada - 900mm c/int.",138647.06,,,,
S-771,Silenc. Univ. Oval. - Ent. desp. y sal. al centro -  900mm,93504.91,,,,
S-771/1,Silenc. Univ. Oval.-Ent. desp. y sal. al centro-900mm c/int.,138647.06,,,,
S-780,"Silenc. Universal - Tapa 250 x 600 mm - Boq. Ø3"" 1/8",79119.54,,,,
S-780/1,"Silenc. Universal - Tapa 250 x 600 mm - Boq. Ø3"" 1/8 c/Int.",109715.29,,,,
S-781,"Silenc. Universal - Tapa 250 x 600 mm - Boq. Ø3"" 5/8",82876.91,,,,
S-781/1,"Silenc. Universal - Tapa 250 x 600 mm - Boq. Ø3"" 5/8 c/Int.",110252.06,,,,
S-782,"Silenc. Universal - Tapa 250 x 600 mm - Boq. Ø4"" 1/8",85238.69,,,,
S-782/1,"Silenc. Universal - Tapa 250 x 600 mm - Boq. Ø4"" 1/8 c/Int.",112399.13,,,,
S-790/2,"Silenc. Univ. Ovalado Boq. Ø4""1/8 desplazada - 600mm",82340.14,,,,
S-815,Silenc. Tractor M. Ferguson 4-203 y 6-305,49704.68,,,,
S-816,Silenc. Tractor M. Ferguson 6-354 FII y FIV,52442.19,,,,
S-840,Silenciador Tractor Fiat 700,55018.68,,,,
S-850,Silenciador Cosechadora Vasalli RV 170 y V 1550,132259.53,,,,
S-5000,"Cámara Universal Red.    300mm x 5""    Boquilla Ø2"" 1/8",33279.59,,,,
S-5000/1,"Cámara Universal Red.    300mm x 4""    Boquilla Ø2"" 1/8",30220.01,,,,
S-5001,"Cámara Universal Red.    400mm x 5""    Boquilla Ø2"" 1/8",40257.57,,,,
S-5001/1,"Cámara Universal Red.    400mm x 4""    Boquilla Ø2"" 1/8",34728.86,,,,
S-5002,"Cámara Universal Red.    500mm x 5""    Boquilla Ø2"" 1/8",47933.34,,,,
S-5002/1,"Cámara Universal Red.    500mm x 4""    Boquilla Ø2"" 1/8",41009.04,,,,
S-5003,"Cámara Universal Oval.   300mm x 5""    Boquilla Ø2"" 1/8",35158.28,,,,
S-5004,"Cámara Universal Oval.   400mm x 5""    Boquilla Ø2"" 1/8",40955.37,,,,
S-5005,"Cámara Universal Oval.   500mm x 5""    Boquilla Ø2"" 1/8",48416.43,,,,
S-5010,"Cámara Universal Red.    300mm x 5""    Sin Boquilla",32903.85,,,,
S-5010/1,"Cámara Universal Red.    300mm x 4""    Sin Boquilla",28609.71,,,,
S-5011,"Cámara Universal Red.    400mm x 5""    Sin Boquilla",38700.94,,,,
S-5011/1,"Cámara Universal Red.    400mm x 4""    Sin Boquilla",33118.56,,,,
S-5012,"Cámara Universal Red.    500mm x 5""    Sin Boquilla",46376.72,,,,
S-5012/1,"Cámara Universal Red.    500mm x 4""    Sin Boquilla",39130.36,,,,
S-5013,"Cámara Universal Oval.   300mm x 5""    Sin Boquilla",36339.16,,,,
S-5014,"Cámara Universal Oval.   400mm x 5""    Sin Boquilla",39345.06,,,,
S-5015,"Cámara Universal Oval.   500mm x 5""    Sin Boquilla",46859.81,,,,
S-5021,"Cámara Universal Oval.  2 entr y 2 sal.   300mm-Boq. Ø2"" 1/8",49704.68,,,,
S-5022,"Cámara Universal Oval.  2 entr y 2 sal.   400mm-Boq. Ø2"" 1/8",57112.07,,,,
S-5030,"Cámara Universal Oval.  1 entr y 2 sal.   400mm-Boq. Ø2"" 1/8",58722.37,,,,
S-5031,"Cámara Universal Oval.  1 entr y 2 sal.   500mm-Boq. Ø2"" 1/8",64734.17,,,,
S-5050,"Cámara Univ. Oval. entr y  sal. desplaz.  400mm-Boq. Ø2"" 1/8",55340.74,,,,
S-5055,Cámara Universal Oval.  1 entr y 2 sal.   400mm  Sin Boq.,58239.28,,,,
S-5060,Cámara Universal Oval.  1 entr y 2 sal.   500mm  Sin Boq.,62801.81,,,,
S-5070,"Cámara Universal Red. 400mm x 5""  Sin Boq.   Caño Ø2"" 1/2",39828.15,,,,
S-5071,"Cámara Universal Red. 500mm x 5""  Sin Boq.   Caño Ø2"" 1/2",48255.4,,,,
S-5080,"Cámara Universal Red. 400mm x 6""  Sin Boq.   Caño Ø3""",50992.92,,,,
S-5081,"Cámara Universal Red. 500mm x 6""  Sin Boq.   Caño Ø3""",60117.97,,,,
S-5100,Cámara Universal Cola  Acero Inox. con Chanfle,52603.22,,,,
S-5110,Cámara Universal con Boq. y Cola Acero Inox. con Chanfle,54213.52,,,,
S-5111,Cámara Universal con Boq. y Cola Acero Inox. Recta,54213.52,,,,
S-5218,Silenc. Tras. Ford Focus 1.6 y Zetec 1.8 I   s/Baúl,53301.02,,,,
S-5220,Silenc. Tras. Ford Focus II - 1.6 y 2.0 (09/13)   s/Baúl,55931.18,,,,
S-5222,Silenc. Tras. Ford Focus III - 2.0 (13/20),81373.96,,,,
S-5228,Silenc. Tras. Ford Ka - 1.0 I y 1.6 I (03/08),58185.6,,,,
S-5236,Silenc. Tras. Ford Fiesta - 1.6 I y Ecosport 1.6 I,57326.78,,,,
S-5238,Silenc. Tras. Ford Ecosport 1.6 I (03/12) y 2.0 (03/10),58346.63,,,,
S-5251,Silenc. Tras. Ford Ka 1.0 y 1.6 (10/14),52388.51,,,,
S-5252,Silenc. Tras. Ford Ka - 1.5 (16/20),67901.1,,,,
S-5260,Silenc. Tras. Ford Fiesta Kinetic - 1.6 16V s/Baúl (10/20),67256.98,,,,
S-5275,Silenc. Tras. Ford Ranger 2.2 y 3.2,129897.75,,,,
S-5282,Silenc. Tras. con cola Ford Ranger 3.0 V6 (23 ->),116438.91,,,,
S-5283,Silenc. Tras. con cola Ford Ranger 2.0 T y BiT (23 ->),112109.34,,,,
S-5292,Sil. Interm. y Tras. Ford Transit  2.0 Turbo (23 ->),200468.0,,,,
S-5300,Silenc. Tras. Ford Maverick 2.0 T (21 ->),107478.93,,,,
S-5400,"Silenc. Tras. con Cola VW Senda - 1.8, 1.6 y Diesel",89318.12,,,,
S-5401,"Silenc. Tras. con Cola   VW Saveiro 1.6, 1.8 (92/97)",89318.12,,,,
S-5402,"Silenc. Tras. s/Brida con Cola VW Senda - 1.8, 1.6 y Diesel",79709.98,,,,
S-5410,Silenc. Tras. con Cola VW Gol 1.8 y Nacional 1.6 (92/95),83521.03,,,,
S-5411,Silenc. Tras. s/Brida c/Cola VW Gol 1.8 y Nacio. 1.6 (92/95),74986.43,,,,
S-5415,"Silenc. Tras. VW Gol 1.6 I, 1.8 I, 2.0 I y Dies. 1.6 (96/98)",68169.48,,,,
S-5416,"Silenc. Tras. VW Gol 1.6 MI, Power 1.4 y 1.0 I Parag. Envol.",69940.81,,,,
S-5419,Silenc. Tras. VW Gol Trend 1.6 (08/22),70692.29,,,,
S-5420,Silenc. Tras. VW Voyage 1.6 (07/20),74986.43,,,,
S-5433,Silenc. Tras. VW Polo 1.6 MSI (17->),100053.47,,,,
S-5435,"Silenc. Tras. VW Golf - 1.8 I, 2.0 I y GTD 1.9 (96/99)",72195.24,,,,
S-5437,Silenc. Tras. VW Golf IV - 1.6 I (99/12),74932.75,,,,
S-5445,Silenc. Tras. c/Cola VW Fox y Cross Fox - 1.6 (04/19),74288.63,,,,
S-5460,Silenc. Tras. VW Bora - 1.8 T (03/15),113741.05,,,,
S-5465,Silenc. Tras. VW Bora - 2.0 (03/15),105904.24,,,,
S-5470,Silenc. Tras. VW Vento - 2.5 (07/17),92592.4,,,,
S-5475,Silenc. Tras. VW Vento - 2.0 T (07/15),107085.13,,,,
S-5476,Silenc. Tras. VW Vento 1.4 T (19/23),117721.24,,,,
S-5480,Silenc. Tras. VW UP - 1.0 (14/21),63338.57,,,,
S-5491,"Silenc. Tras. c/Cola 2"" 1/2 VW Amarok - 3.0 V6 (18->)",128394.8,,,,
S-5491/1,"Silenc. Tras. c/Cola 3""   VW Amarok - 3.0 V6 (18->)",131900.53,,,,
S-5600,"Silenc. Tras.  2""  Fiat Uno (88/98)",69887.14,,,,
S-5602,"Silenc. Tras. 2"" 1/4  Fiat Uno (88/98)",68115.8,,,,
S-5604,Silenc. Tras. Fiat Uno Evo 1.4 (10/16),66076.09,,,,
S-5610,"Silenc. Tras. c/Cola 2""   Fiat 128 (71/91)",82501.17,,,,
S-5611,"Silenc. Tras. s/Brida, c/Cola 2""   Fiat 128 (71/91)",73966.57,,,,
S-5615,"Silenc. Tras. c/cola 2""   Fiat 147 - 1100, 1300 (83/91)",80944.55,,,,
S-5616,"Silenc. Tras. s/Brida, c/cola 2"" Fiat 147-1100, 1300 (83/91)",72409.94,,,,
S-5627,"Silenc. Tras.  Fiat Palio 1.6 16V, 1.7 TD y 1.3 Fire",66666.53,,,,
S-5630,Silenc. Tras.   Fiat Strada 1.8 I (04/10),65807.7,,,,
S-5645,Silenc. Tras. Fiat Palio 1.8 (04/10) y 1.6 E.torQ (10/11),66451.82,,,,
S-5646,Silenc. Tras. Fiat Palio - 1.4 Fire (07/14),65915.06,,,,
S-5649,Silenc. Tras. Fiat Palio E.torQ 1.6 (12/17),71175.38,,,,
S-5650,Silenc. Tras. Fiat Punto 1.4 (07/18) y 1.8 (07/11),66827.56,,,,
S-5670,Silenc. Tras.  Fiat Cronos 1.3 (18->),73912.84,,,,
S-5801,Silenc. Tras. Peugeot 504 y 505 (83/98),70745.97,,,,
S-5810,Sil. Tras. Peugeot 205 (94/99),60171.64,,,,
S-5820,Sil. Tras. Peugeot 306 s/ba£l  ( 96 - 98),61030.47,,,,
S-5822,Sil. Tras. Peugeot 306 - 1.8MPI-s/ba£l,63231.22,,,,
S-5831,Silenc. Tras.   Peugeot 206 - 1.6 I Nacional (00/04),62640.77,,,,
S-5833,Silenc. Tras. Peugeot 206 1.6 16V y 207 1.6 16V y 1.4,65968.73,,,,
S-5837,Silenc. Tras. Peugeot 208 1.5 (13/17) y 1.6 16V (13/19),62855.48,,,,
S-5839,Silenc. Tras. Peugeot 208 1.6 16V (19 ->),61996.65,,,,
S-6020,Sil. Tras. R 11  (84-95),71658.47,,,,
S-6052,Sil. Tras. Renault Laguna - 2.2 I (95-02),89371.8,,,,
S-6056,Silenc. Tras. Renault Clio 1.6 I y Diesel 1.9 (96/99),65646.67,,,,
S-6058,"Silen. Tras. R.Clio II 1.6I, 1.9 Dies, 1.5 DCI y 1.2I s/Baúl",70692.29,,,,
S-6059,"Silen. Tras. R.Clio II 1.6I, 1.9 Dies, 1.5 DCI y 1.2I C/Baúl",76274.67,,,,
S-6061,Silenc. Tras. Renault Clio II - 1.2 16V   s/Baúl   (03/12),63499.6,,,,
S-6062,Silenc. Tras. Renault Clio II - 1.2 16V   c/Baúl   (03/10),68759.93,,,,
S-6063,Silenc. Tras. Renault Clio Mio - 1.2 (12/17),65109.91,,,,
S-6065,Silenc. Tras. Renault Express - Diesel 1.9 (96/00),73698.19,,,,
S-6070,"Silenc. Tras. R. Megane - 1.6 I 8V, 1.9 TDI y 2.0 I - s/Baúl",78851.16,,,,
S-6072,Silenc. Tras. R. Megane - 1.6 I  16V - s/Baúl  (00/09),81696.02,,,,
S-6094,Silenc. Tras. Renault Sandero 1.6 8V y 16V (13/19),73000.39,,,,
S-6120,Silenc. Tras. Renault Fluence - 2.0 (10/18),75254.81,,,,
S-6130,Silenc. Tras. Renault Kwid - 1.0 (17 ->),74825.4,,,,
S-6200,Silenc. Tras. Chev. Corsa 1.6 s/Baúl (95/08) y Classic 1.4 I,60332.67,,,,
S-6201,Silenc. Tras. Chevrolet Corsa - 1.6 I   c/Baúl   (95/09),60869.44,,,,
S-6232,Silenc. Tras. Chev. Astra y Astra II - 2.0  s/Baúl  (99/11),68062.13,,,,
S-6270,Silenc. Tras. Chevrolet Agile - 1.4 (09/17),61137.83,,,,
S-6275,Sil. Tras. Dep. Chevrolet Cruze 1.4T s/Baúl (16/24),104800.56,,,,
S-6276,Sil. Tras. Deport. Chevrolet Cruze 1.4T c/Baúl (16/24),107310.1,,,,
S-6280,Silenc. Tras. Chevrolet Prisma y Onix 1.4 (13/21),61245.18,,,,
S-6400,Silenc. Toyota Pick Up Hilux 4x4 - 2.8 Diesel,122651.39,,,,
S-6420,Interm. c/Silenc. Toyota Pick Up Hilux 2.8 (16->),158883.07,,,,
S-6800,Silenc. Tras. Citroën C3 1.6 16V (03/13),61889.3,,,,
S-6802,Silenc. Tras. Citroën C3 1.6 16V (13/22),52871.61,,,,
S-90638,"Silenciador Camion Scania P 94, T/R 114 y T/R 124  (98/15)",303810.44,,,,
S-90660,"Silenc. Camion Ford Cargo 2422 E, 2428 E y 2622 E (06 /11)",155018.47,,,,
S-90695,Silenc. Camion Mercedes Benz 1938 S Frontal (99/03),350026.13,,,,
S-90710,Silenciador Camion Iveco Tector 240 E25 (10/16),109661.61,,,,
S-90730,Silenc. Camion Iveco Eurotech y Stralis (06/12),408050.7,,,,
S-90731,Silenc. Camion Iveco Eurotech y Stralis (06/12)   s/Interior,380299.48,,,,
S-90800,Silenciador Camion VW 19320 y 25370  (08/15),299033.21,,,,
S-90900,"Silenc. Camion M. Benz Actros 1841, 2041 y Axor 2035, 2040",414491.18,,,,
SD-4000/1,"Cámara Universal Red. p/Diesel  250mm x 4""  Boquilla Ø2"" 1/4",27750.88,,,,
SD-4010,"Cámara Universal Oval. p/Diesel   250mm x 5""   Boq. Ø2"" 1/4",30434.72,,,,
SD-5000/1,"Cámara Universal Red. p/Diesel  300mm x 4""  Boquilla Ø2"" 1/4",30864.14,,,,
SD-5001,"Cámara Universal Red. p/Diesel  400mm x 5""  Boquilla Ø2"" 1/4",41062.72,,,,
SD-5001/1,"Cámara Universal Red. p/Diesel  400mm x 4""  Boquilla Ø2"" 1/4",35534.01,,,,
SD-5002,"Cámara Universal Red. p/Diesel  500mm x 5""  Boquilla Ø2"" 1/4",48899.53,,,,
SD-5004,"Cámara Universal Oval. p/Diesel   400mm x 5""   Boq. Ø2"" 1/4",41760.52,,,,
SD-5020,"Cámara Universal Red.    500mm x 7""    Boquilla especial",63016.51,,,,
SE-235/1,Silenc. Económico C/Cola F. Falcon 221 (70/82),46376.72,,,,
SG-21,Silenc.tras.galv.Chevrolet Monza 1.8,70477.58,,,,
SG-30,Silenc. Interm. Galv. Chevette y GMC 500 (92/93),59688.55,,,,
SG-31,Silenc. Tras. Galv. Chevette y GMC 500 (92/93),46967.16,,,,
SG-32,"Silenc. Interm. Galv. c/caño Corsa 1.6 I, 1.4 I y Diesel",56833.07,,,,
SG-32/2,"Silenc. Interm. Galv.  Corsa 1.6 I, 1.4 I y Diesel",54750.29,,,,
SG-33,"Silenc. Tras. Galv. Ch Corsa 1.6 I, 1.4 I y Diesel - S/Baúl",58738.09,,,,
SG-34,"Silenc. Tras. Galv. Ch Corsa 1.6 I, 1.4 I y Diesel - C/Baúl",60325.61,,,,
SG-35,Silenc. Interm. Galv. Pick-up Corsa 1.6 I y 1.7 DSL,66398.15,,,,
SG-36,Silenc. Tras. Galv. Pick-up Corsa 1.6 I y 1.7 DSL,70101.84,,,,
SG-37,Silenc. Interm. Galva. Ch. Corsa 1.8 I con y s/Baúl (02/11),69618.75,,,,
SG-38,Silenc. Tras. Chevrolet Corsa 1.8 I c/Baúl (02/11),82018.08,,,,
SG-38/1,Silenc. Tras. Chevrolet Corsa 1.8 I s/Baúl (02/11),77884.97,,,,
SG-40,Silenc. Interm. Galv. Chevrolet Pick Up (66/72),56199.56,,,,
SG-51,Silenc. Interm. Galv. Ch. Pick Up C-20 y D-20 (93/96),87546.79,,,,
SG-56,Silenc. Tras. Galv. Chevrolet Blazer 2.2 MPFI (95/00),129092.6,,,,
SG-60,Silenc. Tras. Galv. c/cola Chev. Luv e Isuzu - Diesel 2.5,117713.13,,,,
SG-61,Silenc. Tras. Galv. c/Cola Chevrolet S-10 2.8 TD Cab. Doble,106333.65,,,,
SG-66,Silenc. Tras. Galv. Chevrolet Vectra 2.0 GLS (95/00),78099.68,,,,
SG-67,Silenc. Interm. Galv. Ch. Vectra 2.0 y 2.2 CD 16V,110252.06,,,,
SG-68,Silenc. Tras. Galv. Chevrolet Vectra - 2.0 CD 16V (97/03),87815.17,,,,
SG-69,Silenc. Tras. Galva. Chevrolet Vectra 2.2 CD 16V (03/06),97101.25,,,,
SG-70,Silenc. Tras. Galva. Ch. Vectra 2.0 GT GLS s/Baúl (07/11),94471.09,,,,
SG-70/1,Silenc. Tras. Galva. Chevr. Vectra - 2.4 c/Baúl (07/11),95866.69,,,,
SG-72,"Silenc. Interm. Galv. Ch. Astra GLS C/Baúl 1.8, 2.0 8V",82769.56,,,,
SG-73,"Silenc. Tras. Galv. Ch. Astra GLS C/Baúl 1.8, 2.0 8V",79656.31,,,,
SG-74,Silenc. Interm. Galv. Chev. Astra 2.0 y Astra II 2.0 8V,83413.68,,,,
SG-74/1,Silenc. Interm. Galva. Chevr. Vectra - 2.4 c/Baúl (07/11),93612.26,,,,
SG-75,Silenc. Tras. Galv. Chev. Astra 2.0 y Astra II 2.0 c/Baúl,90445.33,,,,
SG-75/1,Silenc. Tras. Galv. Chev. Astra 2.0 y Astra II 2.0 s/Baúl,88781.36,,,,
SG-76,Silenc. Interm. Galv. Chevr. Zafira 2.0 16V y 2.0 8V (01/11),91626.22,,,,
SG-77,Silenc. Tras. Galv. Chevr. Zafira 2.0 16V y 2.0 8V (01/11),89264.45,,,,
SG-78,Silenc. Interm. Galv. Chevrolet Meriva 1.8 I (03/13),76328.35,,,,
SG-79,Silenc. Tras. Galv. Chevrolet Meriva 1.8 I (03/13),74503.34,,,,
SG-82,Silenc. Interm. Galv. Citroen Xsara 1.8 I 16V (99/00),53730.43,,,,
SG-83,Silenc. Tras. Galv. Citroen Xsara 1.8 I 16V (99/00),74020.25,,,,
SG-86,Silenc. Interm. Galv. Citroen C3 - 1.6 16V (01/13),81051.9,,,,
SG-87,Silenc. Tras. Galv. Citroen C3 - 1.6 16V (01/13),74449.66,,,,
SG-90,Silenc. Interm. Galvan. Dodge 1500 (71/73),58507.66,,,,
SG-91,Silenc. Interm. Galvan. Citroen Picasso 2.0 16V (01/10),63070.19,,,,
SG-92,Silenc. Tras. Galvan. Citroen Picasso 2.0 16V (01/10),72034.21,,,,
SG-95,Silenc. Tras. Galv. Citroen C4 - 2.0 16V con baul (07/13),93880.65,,,,
SG-100,Silenc. galvan.  VW 1500 (73/92),46591.42,,,,
SG-103,Silenc. Intermedio VW Golf 1.8 y GTD (96/99),59420.17,,,,
SG-104,Silenc. Intermedio VW Golf 2.0 GTI (96/99),60117.97,,,,
SG-105,"Silenc. Trasero Galv. VW Golf 1.8, 2.0 GTI y GTD",69457.72,,,,
SG-106,Silenc. Delantero Galv. VW Golf IV 1.6 I (99/12),50670.86,,,,
SG-107,Silenc. Trasero Galv. Cola Doble VW Golf IV 1.6 I (99/12),96081.39,,,,
SG-108,"Silenc. Delantero VW Bora 1.8 T, 2.0 y 1.9 TDI",50992.92,,,,
SG-110,Silenc. Delantero Galv. VW Polo 1.6 I (97/09),54857.65,,,,
SG-110/2,"Silenc. Universal Redondo 4"" x 470 mm",42136.25,,,,
SG-111,Silenc. Delant. Galv. VW Polo Diesel 1.9,49651.0,,,,
SG-112,Silenc. Trasero Galv. VW Polo 1.6 I (97/09),77723.94,,,,
SG-113,Silenc. Trasero Galv. VW Polo Diesel 1.9,90928.43,,,,
SG-114,Silenc. Delantero VW Fox Y Fox Cross 1.6 (04/10),51153.95,,,,
SG-115,Silenc. tras. VW Fox y Fox Cross 1.6 (04/19),77068.17,,,,
SG-115/2,"Silenc. Universal Redondo 7"" x 400 mm",69081.99,,,,
SG-122,Silenc. Tras. VW Bora 1.8 T,91626.22,,,,
SG-123,Silenc. Tras. VW Bora 2.0 y 1.9 TDI,92538.73,,,,
SG-125,Silenc. Galvanizado Dodge 1800 y VW 1500 Rural,50295.12,,,,
SG-127,"Silenc. Delant. VW Gacel GL, Senda y Gol Nac. - 1.6",51476.01,,,,
SG-128,Silenc. Tras. galv. c/cola VW Gacel GL y Senda - 1.6,73376.13,,,,
SG-130,"Silenc. Delantero Galvan. VW Carat 1.8, 2.0 (87/91)",55770.15,,,,
SG-131,"Silenc. Intermedio Galvan. VW Carat 1.8, 2.0 (87/91)",65646.67,,,,
SG-132,"Silenc. Trasero Galvan. VW Carat 1.8, 2.0 (87/91)",70209.2,,,,
SG-132/2,Silenc. Universal Ovalado Grande x 400 mm,61728.27,,,,
SG-134,Silenc. Tras. Galv. C/Cola VW Gacel y Senda - 1.8,82286.47,,,,
SG-138,Silenc.Tras. Cola Doble VW Transporter - 1.9 TD,96510.81,,,,
SG-140,"Sil. Interm. VW Saveiro, Senda y Saveiro Dies, Gol Bras.",55501.77,,,,
SG-140/2,"Silenc. Universal Redondo 4"" x 400 mm",37842.11,,,,
SG-141,Silenc. Tras. Galv. c/cola VW Gol Nac. y Brasilero 1.6,74288.63,,,,
SG-143,Silenc. Tras. Galv. c/cola Saveiro 1.6 y 1.6 Diesel,77187.18,,,,
SG-145,Silenc. Interm. Galv. VW Gol 1.6 I y 1.8 I (96/98),58937.08,,,,
SG-145/1,Silenc. Interm. VW Gol - Diesel 1.6 (96/99),58937.08,,,,
SG-145/2,Silenc. Universal Ovalado Chiquito x 400 mm,37466.38,,,,
SG-146,"Silenc. Tras. Galv. VW Gol 1.6 I, 1.8 I, 1.6 MI y Diesel 1.6",75952.61,,,,
SG-146/1,Silenciador Tras.VW Gol 1.6 MI - Paragolpes Env.,71438.24,,,,
SG-146/2,Silenc. Trasero VW Gol 1.6 I (98/11),76596.73,,,,
SG-147,Silenc. Del. galv. VW Gol 1.6 MI (98/11) y 1.9 Diesel,56199.56,,,,
SG-148,Silenc. Trasero Galv. VW Gol 1.0 I (00/02),77992.33,,,,
SG-149,Silenc. Interm. Galv. VW Saveiro 1.6 MI (97/05),71014.35,,,,
SG-150,Silenc. Tras. Galv. VW Saveiro 1.6 MI (97/05),71443.76,,,,
SG-153,Silenc. Interm. Galv. VW Saveiro 1.9 (06/10),71014.35,,,,
SG-154,Silenc. Tras. Galv. VW Saveiro 1.9 (06/10),71658.47,,,,
SG-155,Silenc. Interm. Galv. VW Caddy (98/09),60547.38,,,,
SG-156,Silenc. Tras. Galv. VW Caddy (98/09),72356.27,,,,
SG-158,Silenc. Trasero Galv. VW Gol Trend 1.6,81964.41,,,,
SG-159,Silenc. Trasero Galv. VW Gol Voyage,81051.9,,,,
SG-161,Silenc. Trasero Galv. Fiat Tempra - 2.0 (93/94),78260.71,,,,
SG-162,Silenc. Interm. Galv. Fiat Palio y Siena 1.6,53784.11,,,,
SG-162/2,"Silenc. Universal Redondo 4"" x 370 mm",31132.52,,,,
SG-163,"Silenc. Tras. Galv. Fiat Palio 1.6 I, 1.6 16V, 1.7 Diesel",66720.21,,,,
SG-165,"Silenc. Tras. Galv. Fiat Siena 1.6 I, 1.7 Diesel y 1.7 TD",84594.57,,,,
SG-166,Silenc. Interm. Galva. Fiat Palio Weekend 1.6 I y 1.7 TD,62962.84,,,,
SG-167,Silenc. Tras. Galv. F. Palio Weekend 1.6 I y 1.7 TD,81642.35,,,,
SG-168,Silenc. Interm. c/Turbo Fiat Strada 1.8 (04/10),96027.72,,,,
SG-169,Silenc. Trasero Fiat Strada 1.8 (04/10),90391.66,,,,
SG-171,Silenc. Interm. F. Palio 1.8 (04/10),71121.7,,,,
SG-172,Silenc. Trasero Fiat Palio 1.8 y 1.6 E.torQ,70370.23,,,,
SG-178,Silenc. Interm. Fiat Palio Fire 1.4,51905.42,,,,
SG-179,Silenc. Tras. Fiat Siena 1.4 Fire (07/18),81092.99,,,,
SG-180,Silenc. Tras. Fiat  Palio Fire 1.4 (07/18),57093.07,,,,
SG-185,"Silenc. Tras. Galv. c/sobre dif. y cola Fiat 1500, 1600",67632.71,,,,
SG-195,Silenc. Interm. Galv. Fiat Duna y Uno,51153.95,,,,
SG-195/2,"Silenc. Universal Redondo 4"" x 320 mm",36768.58,,,,
SG-196,Silenc. Trasero Galv. Fiat Duna,71229.06,,,,
SG-197,Silenc. Tras. Galv. Fiat Duna weekend,82769.56,,,,
SG-198,Silenc. Tras. Galv. Fiat Uno,65539.32,,,,
SG-204,Silenc. Interm. Galv. Fiat Uno Fiorino 1.7 Diesel,52764.25,,,,
SG-204/1,Silenc. Intermedio Fiat Uno Fiorino Fire 1.3,66827.56,,,,
SG-204/2,Silenc. Universal Ovalado Chiquito x 300 mm,35426.66,,,,
SG-205,Silenc. Tras. Galv. Fiat Uno Fiorino 1.7 Diesel y 1.3 Fire,78260.71,,,,
SG-206,Silenc. Interm. Fiat Uno Fire 1.3 I (04/15),63499.6,,,,
SG-207,Silenc. Tras. Fiat Uno Fire 1.3 I (04/15),65915.06,,,,
SG-208,Silenc. Interm. Galv. Fiat Tipo 1.6 I,66237.12,,,,
SG-209,Silenc. Tras. Galv. Fiat Tipo - 1.6 (94/97),81964.41,,,,
SG-214,Silenc. Interm. galv. Fiat 147 y Spazio,63231.22,,,,
SG-214/1,Silenc.Interm. Galv. Fiat Spazio Tipo 1.4 y Diesel,73000.39,,,,
SG-215,Silenc. Tras. Galv. Fiat Spazio Tipo 1.4 y Diesel 1300,59044.43,,,,
SG-215/1,Silenc. Interm. Galv. c/cola Fiat Spazio Tipo 1.4,76113.64,,,,
SG-216,Silenc. Tras. Galv. Fiat Fiorino 1.4 Tipo y 1300 Diesel,65485.64,,,,
SG-222,Silenc. Interm. Galv. Fiat Regatta (85/95),79763.66,,,,
SG-223,Silenc. Tras. Galv. Fiat Regatta (85/95),70370.23,,,,
SG-224,Silenc. Interm. Galv. Fiat Ducato - Diesel 2.5 y 2.8,91196.81,,,,
SG-224/1,Silenc. Tras. Galv. Fiat Ducato - Diesel 2.5 y 2.8,94739.48,,,,
SG-225/1,"Silenc. Tras. Galv. c/cola F. Falcon 170, 187 y 188 (62/82)",61674.59,,,,
SG-228,Silenc. Interm. Galv. Fiat Idea 1.8 (05/10),73161.42,,,,
SG-229,Silenc. Trasero Fiat Idea 1.8 (05/10),79173.22,,,,
SG-231,Silenc. Interm Fiat Punto 1.4 Fire,58776.05,,,,
SG-232,Silenc. Trasero Fiat Punto 1.4 Fire,74127.6,,,,
SG-233,Silenc. Intermedio Fiat Punto 1.8,72409.94,,,,
SG-234,Silenc. Trasero Fiat Punto 1.8,76328.35,,,,
SG-235/1,Silenc. Tras. Galva. c/cola F. Falcon 221 (70/82),61996.65,,,,
SG-240,Silenc. Tras. Galv. F. Falcon (82/92),80676.16,,,,
SG-250,Silenc. Interm. Galv. Ford Escort 1.6,60279.0,,,,
SG-251,Silenciador Tras. Galv.Ford Escort 1.6,67095.95,,,,
SG-252,"Silenc. Interm. Galv. F. Escort - Audi 1.6, 1.8, XR3 (91/94)",55662.8,,,,
SG-252/1,"Silenc. Interm. Galv. F. Escort - Audi 1.6, 1.8, XR3 (93/94)",80354.1,,,,
SG-253,"Silenc. Tras. Galv. F. Escort - Audi 1.6, 1.8, XR3 (91/94)",63875.34,,,,
SG-260,"Silenc. Interm. Galv. F. Orion, Escort y VW Pointer - Audi",77723.94,,,,
SG-261,"Silenc. Tras. Galv. F. Orion 1.6, 1.8 I, 2.0 I (94/96)",80300.43,,,,
SG-262,Silenc. Tras. Galv. F. Escort Xr3 - 2.0 I (95/96),79280.57,,,,
SG-263,Silenc. Int. Galv. Ford Escort Zetec 1.8 16V (97/03),76435.7,,,,
SG-264,Silenc. Interm. Galv. F. Escort - Diesel 1.8 S/Baúl,81857.05,,,,
SG-265,Silenc. Tras. Galv. Reemp. Estamp. Escort - Zetec 1.8 S/Baúl,75898.93,,,,
SG-267,Silenc. Tras. Galv. Reemp. Trian. Escort - Zetec 1.8 S/Baúl,72463.62,,,,
SG-268,Silenc. Tras. Galv. Reemp. Trian. F. Escort Dies. 1.8 S/Baúl,73054.07,,,,
SG-269,Silenc. Tras. Galv. Reemp. Estamp. Escort Rural - Zetec 1.8,76650.41,,,,
SG-270,Silenc. Interm. Galv. F. F100 8 y 6 cil. y Perkins (64/89),58131.93,,,,
SG-271,Silenc. Tras. Galv. Reemp. Triang. Escort Rural - Zetec 1.8,76435.7,,,,
SG-275,Silenc.Interm. Galv. F100 6 cilind. y Perkins 4 (82/92),62533.42,,,,
SG-280,Sil. Interm. Galv. F. F100 6 y 8 cil. y Perkins 4 (72/90),58400.31,,,,
SG-285,Silenc. Trasero Ford F100 Max Econo (93/94),119752.84,,,,
SG-286,Silenc. Tras. Galv. Ford F100 - Diesel MWM 4 Cil. (93/95),103703.49,,,,
SG-287,Silenc. Interm. Galv. Ford F100 - 6 cil. Max Econo (95/96),119001.37,,,,
SG-299,Silenc. Tras. Galv. Ford F100 - 4.9 I y MWM Turbo (96/99),107085.13,,,,
SG-309,Silenc. Interm. Galv. F. F100 HSD - Maxion 2.5 TD (96/99),89801.21,,,,
SG-310,Silenc. Interm. Galv. F. F100 Super Dutty - Cummins TD 3.9,137734.56,,,,
SG-313,Silenc. Tras. Galv. Ford Taunus GLX (77/82),63553.28,,,,
SG-313/2,"Silenc. Universal Redondo 5"" x 320 mm",39291.39,,,,
SG-314,Silenc. Tras. Galv  s/Sobre dif. F. Taunus GLX (77/82),52442.19,,,,
SG-315,Silenc. Interm. Galv. Ford Taunus GLX (79/82),72517.3,,,,
SG-315/1,Silenc. Interm. Galv. s/caño Ford Taunus GLX (77/82),65056.23,,,,
SG-317,Silenc. Interm. Galv. Ford EcoSport 2.0 (03/12),66398.15,,,,
SG-318,Silenc. Trasero Galv. Ford EcoSport 2.0 (03/12),76274.67,,,,
SG-320,Silenc. Tras. Galv. Ford Galaxy 2.0 (92/95),73054.07,,,,
SG-321,Silenc. Interm. Galv. p/cataliz. Ford Galaxy 2.0 I,78904.83,,,,
SG-322,"Silenc. Interm. Galv. c/caño F. Fiesta 1.3I, 1.4I y 1.8 Dies",76865.12,,,,
SG-322/1,"Silenc. Interm. Galv. Ford Fiesta 1.3I, 1.4I y 1.8 Diesel",50563.5,,,,
SG-323,"Silenc. Tras. Galv. F. Fiesta 1.0I, 1.3I, 1.4I y 1.8 Diesel",71712.15,,,,
SG-324,Silenc. Interm. Galv. F. Fiesta 1.6I y EcoSport 1.6I (02/07),58579.33,,,,
SG-324/1,Silenc. Interm. Galv. F. Fiesta Max 1.6 I y One 1.6,58346.63,,,,
SG-325,Silenc. Tras. Galv. Ford Fiesta 1.6 I y TD 1.4 (02/10),62807.32,,,,
SG-325/1,Silenc. Tras. Galv. Ford Fiesta Max 1.6 I (05/10),70853.32,,,,
SG-326,Silenc. Tras. Galv. Ford Ka - 1.3 I (97/99),75737.9,,,,
SG-327,Silenc. Tras. Galv. Ford Ka 1.0 I (97/08),72302.59,,,,
SG-328,Silenc. Interm. Galv. Ford Ka 1.6 (08/14),56038.53,,,,
SG-329,Silenc. Trasero Galv. Ford Ka 1.0 (08/10),75576.87,,,,
SG-330,Silenc. Interm. Galv. Ford Focus 1.8 I y 2.0 I (00/08),95061.54,,,,
SG-331,Silenc. Tras. Galv. Ford Focus 1.8 I - s/Baúl (00/05),61674.59,,,,
SG-332,Silenc. Tras. Galv. Ford Focus 2.0 I C/Baúl (00/08),63982.69,,,,
SG-333,Silenc. Del. Galv. Ford Focus 1.6 (04/12),67525.36,,,,
SG-334,Silenc. Interm. Galv. Ford Focus 1.6 (04/12),72409.94,,,,
SG-340/1,Silenc. Interm. Reempl. Estampado Ford Sierra 1.6 GL,68813.6,,,,
SG-342/1,Silenc. Interm. Reempl. Estampado Ford Sierra 2.3 (84/93),55287.06,,,,
SG-343,Silenc. Tras. Galv. Ford Sierra - 2.3 y 1.6 GL,71068.03,,,,
SG-346,Silenc.tras.galv.Ford Sierra Rural,71067.48,,,,
SG-347,Silenc. Interm. Galv. Ford Courier Pick-up,79656.31,,,,
SG-348,Silenc. Interm. Galv. Ford Courier Pick-up,81212.93,,,,
SG-355,Silenc. Interm. Galv. c/cola F. Ranger - Maxion 2.5 TD,133172.03,,,,
SG-355/1,Silenc. s/caño Interm. Galv. c/cola F. Ranger-Maxion 2.5 TD,104669.68,,,,
SG-360,Silenc. Del. Galv. Ford Mondeo 2.0 I Ghia (95/00),88996.06,,,,
SG-361,Silenc. Interm. Galv. Ford Mondeo 2.0 I Ghia (95/00),89479.15,,,,
SG-362,Silenc. Tras. Galv. Ford Mondeo 2.0 I Ghia (95/00),63070.19,,,,
SG-364,Silenc. Tras. Galv. Ford Mondeo - TD y 1.8 I (94/98),86902.67,,,,
SG-370,Silenc. Tras. Galv. Ford Ranger - 2.8 (02/04),142726.5,,,,
SG-371,Silenc. Interm. Galv. Ford Ranger 3.0 (06/12),67954.77,,,,
SG-372,Silenc. Tras. Galv. c/cola Ford Ranger 3.0 (06/12),149865.5,,,,
SG-380,"Silenc. Interm. Galv. Renault R19 1.6, 1.7 y diesel 1.9",80032.04,,,,
SG-381,Silenc. Tras. Galv. Renault R19 1.6 RN y Diesel 1.9,73000.39,,,,
SG-382,"Silenc. Tras. Galv. Renault R19 1.7, 1.6 y 1.9 Diesel",69726.11,,,,
SG-383,Silenc. Interm. Galv. Renault R19 RN 1.6 y RT 1.8 (95/97),90499.01,,,,
SG-384,Silenc. Tras. Galv. Renault R19 RN 1.6I y RT 1.8I s/Baúl,78904.83,,,,
SG-385,Silenc. Tras. Galv. Renault R19 RN 1.6I y RT 1.8I c/Baúl,79924.69,,,,
SG-390/1,Silenc. Interm. Reempl. Prec. Orig. R. Clio 1.6 I y 1.4 I,56575.3,,,,
SG-391,"Silenc. Tras. Galv. R. Clio 1.4 I, 1.6 I y 1.9 Dies. (94/99)",68706.25,,,,
SG-393,Sil. Interm. Galv. R. Clio II -1.6 I y Dies.1.9 Con y S/Baúl,58239.28,,,,
SG-394,"Silenc. Tras. R. Clio II 1.6 I, Diesel 1.9 y 1.5 DCI  s/Baúl",81320.29,,,,
SG-395,"Silenc. Tras. R. Clio II 1.6 I, Diesel 1.9 y 1.5 DCI  c/Baúl",83037.94,,,,
SG-396,Silenc. Tras. Galv. Renault Clio II 1.2 16V s/baúl (03/12),81320.29,,,,
SG-396/1,Silenc. Tras. Galv. Renault Clio II 1.2 16V s/baúl (03/09),87600.47,,,,
SG-397,Silenc. Interm. Galv. c/Interm. Renault Express 1.9 Diesel,62104.01,,,,
SG-398,Silenc. Tras. Galv.  Renault Express 1.9 Diesel,67579.04,,,,
SG-406,"Silenc. Tras. Galv. Renault Megane RT, RXE y 1.9 TD",79387.92,,,,
SG-406/1,Silenc. Tras. Galv. Renault Megane - 1.6 I 16V (00/09),73391.15,,,,
SG-406/2,Silenc. Universal Ovalado Gordo x 400 mm,67042.27,,,,
SG-408,Silenc. Interm. Galv. Renault Megane II  c/Baúl  (06/11),68169.48,,,,
SG-409,Silenc. Tras. Galv. Renault Megane II  c/Baúl  (06/11),95544.63,,,,
SG-409/2,Silenc. Universal Ovalado Grandote x 300 mm,75093.78,,,,
SG-410,Silenc. Interm. Doble Galv. R. Laguna RXE - 2.0 (95/02),132957.33,,,,
SG-411,Silenc. Tras. Galv. Renault Laguna RXE 2.0 (95/02),85882.81,,,,
SG-411/1,Silenc. Tras. Galv. Renault Laguna 1.8 y Diesel 2.2,85882.81,,,,
SG-412,Silenc. Interm. Galv. Renault Laguna 1.8 y Diesel 2.2,86634.28,,,,
SG-412/2,Silenc. Universal Ovalado Gordo x 400mm c/salida lateral,53408.31,,,,
SG-424,Silenc. Tras. Galv. Renault Trafic 1400,64734.17,,,,
SG-425,"Silenc. Interm. Galv. Renault Trafic 1400, 2000 y Diesel",42136.25,,,,
SG-426,Silenc. Tras. Galv. Renault Trafic 2000 y Diesel,67579.04,,,,
SG-429,Silenc. Tras. Galv. Renault Trafic - Diesel 1.9 (99/03),73698.19,,,,
SG-431,Silenc. Interm. Galv. Renault Master 2.8 (03/07),64841.52,,,,
SG-432,Silenc. Trasero Galv. Renault Master - 2.8 (03/07),86902.67,,,,
SG-440,"Silenc. Delant. Galv. Renault 21, 21 Alize y 21 Nevada",58078.25,,,,
SG-441/1,Silenc. Interm. Galv. Renault 21 Nevada (90/96),80568.81,,,,
SG-441/2,Silenc. Interm. Galv. Reemp. estam. R. 21 Alize,80461.46,,,,
SG-442,Silenc. Tras. Galv. Renault 21 (89/95),77992.33,,,,
SG-442/1,Silenc. Universal Ovalado Gordo x 450 mm,70638.61,,,,
SG-443,Silenc. Tras. Galv. Renault 21 Nevada,80246.75,,,,
SG-444,Silenc. Trasero Galv. Renault 21 Alize (94/96),77831.3,,,,
SG-447,Silenc. Tras. Galv. Renault Twingo (94/01),65861.38,,,,
SG-453,Silenc. Interm. Galv. Renault Logan 1.6 (08/13),65861.38,,,,
SG-454,Silenc. Tras. Galv. Renault Logan 1.6 (08/13),72893.04,,,,
SG-455,Silenc. Interm. Galv. Renault Sandero 1.6 (08/13),65807.7,,,,
SG-456,Silenc. Tras. Galv. Renault Sandero 1.6 (08/13),85614.43,,,,
SG-460,Silenc. Trasero Galv. Renault 12 - 1400,55340.74,,,,
SG-460/2,Silenc. Universal Ovalado Chico x 400 mm,50187.77,,,,
SG-462,Silenc. Tras. Galv. Renault 12 - 1600 Caja 5ta,54857.65,,,,
SG-465,Silenc. Tras. Galv. Renault 12 Break,62211.36,,,,
SG-467,Silenc. Del. Galv. Renault 18 y Beak GTX y Fuego,77884.97,,,,
SG-469,Silenc. Interm. Galv. Renault 18 y Beak GTX,63767.99,,,,
SG-469/2,Silenc. Interm. Galv. solo Renault 18 y Beak GTX,39506.09,,,,
SG-471,Silenc. Trasero Galv. Renault 18 y Beak GTX,64465.78,,,,
SG-475,Silenc. Tras. Galv. Renault 18 - 1400,58561.34,,,,
SG-476,Silenc. Tras. Galv. Renault 18 - 1600 Parag. Envolvente,58131.93,,,,
SG-480/1,Silenc. Interm. Galv.  R11 (84/95) y R9 (87/96),51905.42,,,,
SG-480/2,Silenc. Interm. c/Boq. R11 (84/95) y R9 (8/96),29683.25,,,,
SG-482,Silenc. Tras. Galv. Renault 11 TS y TL - 1400,70423.9,,,,
SG-482/2,Silenc. Universal Ovalado Gordo x 400 mm,56628.98,,,,
SG-483,Silenc. Tras. Galv. Renault 11 - 1600 (87/95),71282.73,,,,
SG-485,Silenc. Tras. Galv. Renault 9 - 1400 (87/90),71819.5,,,,
SG-486,Silenc. Tras. Galv. Renault 9 y 9 TXE - 1600,68384.19,,,,
SG-487,Silenc. Interm. Galv. R. Kangoo - 1.6 I y Dies.1.9 (99/07),63392.25,,,,
SG-487/1,Silenc. Interm. Galv. Renault Kangoo 1.6 16V (05/18),56038.53,,,,
SG-488,Silenc. Tras. Galv. R. Kangoo - 1.6 y Diesel 1.9,83950.45,,,,
SG-490,Silenc. Tras. Galv. Peugeot 404 (66/80),74557.01,,,,
SG-503,Silenc. Interm. Galv. Peugeot 406 - 2.0 SV,83360.0,,,,
SG-503/1,Silenc. Interm. Galv. Peugeot 406 SV - 2.0 (00/01),91304.16,,,,
SG-504,Silenc. Tras. Galv. Peugeot 406 - 2.0 SV (97/01),98443.17,,,,
SG-505,Silenc. Interm. Galv. Peugeot 504 (69/82),51207.63,,,,
SG-506,Silenc. Tras. Galv. Peugeot 504 (69/82),65270.94,,,,
SG-506/2,Silenc. Universal Ovalado Chico x 280 mm,42726.7,,,,
SG-507,Silenc. Tras. Galv. s/Sobre Diferenc. Peugeot 504 (69/82),55233.38,,,,
SG-509,Silenc. Delan. Galv. Peug. 504 (83/98) y 505 (81/94),41492.13,,,,
SG-510,Silenc. Interm. Galv. Peug. 504 (83/98) y 505 (81/94),36875.93,,,,
SG-511,Silenc. Tras. Galv. Peugeot 504 (83/90) y 505 (81/92),63177.54,,,,
SG-512,Silenc. Tras. Galv. s/Sobre Dif.  P. 504(83/90) y 505(81/92),57058.39,,,,
SG-513,Silenc. Tras. Galv. Peugeot 504 (90/98),66773.89,,,,
SG-514,Silenc. Tras. Galv. Peugeot 505 (93/94),68169.48,,,,
SG-515,Silenc. Interm. Galv. Peugeot Pick Up T5 (73/81),46484.07,,,,
SG-522,Silenc. Interm. Galv. Peugeot Pick Up Nafta y Diesel,61674.59,,,,
SG-525,Silenc. Interm. Galv. Peugeot 505 Rural,55555.44,,,,
SG-526,Silenc. Tras. Galv. Peugeot 505 Rural,71068.03,,,,
SG-527,Silenc. Interm. Galv. Peugeot Partner Diesel 1.9 (98/10),51905.42,,,,
SG-527/1,Silenc. Interm. Galv. Peugeot Partner 1.4 I (98/09),48845.85,,,,
SG-528,Silenc. Tras. Galv. Peug. Partner - 1.4 I y Diesel 1.9,72517.3,,,,
SG-533,Silenc. Tras. Galv. Peugeot 504 - Diesel (93/98),77831.3,,,,
SG-535,Silenc. Interm. Galv. Peugeot 405 SR (93/99),58615.02,,,,
SG-536,Silenc. Tras. Galv. Peugeot 405 SR (93/99),72195.24,,,,
SG-538,Silenc. Interm. Galv. Peugeot 106 - 1.4 I (98/02),47235.55,,,,
SG-538/2,Silenc. Universal Ovalado Chiquito x 370 mm,37305.35,,,,
SG-539,Silenc. Tras. Galv. Peugeot 106 - 1.4 I (98/02),64734.17,,,,
SG-540,Silenc.Interm. Galv. Peugeot 306 - 1.8 I C/Baúl,56253.24,,,,
SG-540/1,Silenc. Interm. Galv. Peugeot 306 - 1.8 I S/Baúl,55823.83,,,,
SG-542,Silenc. Tras. Galv. Peugeot 306 1.8 I C/Baúl (Nafta y Dies),71980.53,,,,
SG-543,Silenc. Tras. Galv. Peugeot 306 1.8 I S/Baúl (Nafta y Dies),70907.0,,,,
SG-544,Silenc. Interm. Galv. Peugeot 306 - 1.8 MPI 16V (99/03),55555.44,,,,
SG-545,Silenc. Tras. Galv. Peugeot 306 - 1.8 MPI 16V S/Baúl (99/03),81105.58,,,,
SG-546,Silenc. Tras. Galv. Peugeot 306 - 1.8 MPI 16V C/Baúl (99/03),83628.39,,,,
SG-547,Silenc. Interm. Galv. Peugeot 206 - 1.6 I Nacional,64090.05,,,,
SG-548,Silenc. Tras. Galv. Peugeot 206 - 1.6 I Nacional,68598.89,,,,
SG-549,Silenc. Tras. Galv. Peugeot 206 Diesel 1.9 (99/06),70101.84,,,,
SG-551,Silenc. Interm. Galv. Peugeot 206 - 1.6 16V (04/08),55555.44,,,,
SG-552,"Silenc. Tras. Galv. Peug. 206 1.6, 1.4 y 207 1.6, 1.4 s/Baúl",65088.15,,,,
SG-552/2,"Silenc. Universal Redondo 6"" x 500 mm",65324.61,,,,
SG-553,Silenc. Interm. Galv. Peugeot 206 SW - 1.6 16V (05/09),63982.69,,,,
SG-554,Silenc. Tras. Galv. Peugeot 206 SW - 1.6 16V (05/09),75254.81,,,,
SG-561,Silenc. Interm. Galv. Mercedes Benz Sprinter 310D,112506.48,,,,
SG-582,Silenc. Tras. Galv. Toyota Pick Up Hilux 4x2 - 2.8 Diesel,120343.29,,,,
SG-582/1,"Silenc. Universal Redondo 7"" x 600 mm",88351.94,,,,
SG-583,Silenc. Tras. Galv. C/cola Toyota Hilux 4x4 - 2.8 Diesel,119216.08,,,,
SG-584,Silenc. Tras. Galv. Toyota Hilux - Diesel 3.0 Cab. Doble,131293.35,,,,
SG-585,Silenc. Intrem. Galv. Toyota Hilux 3.0 TDI Cab. Dob. 4x2,171711.94,,,,
SG-2210,"Silenc. Tras. Daewo Tico SL, DX, SX (hasta 2000)",69296.69,,,,
SG-2265,Silenc. Interm. Galv. F. Fiesta - 1.3 I (95/96) y Diesel 1.8,62962.84,,,,
SG-2265/1,Silenc. Interm. Galv. F. Fiesta - 1.3 I (95/96) y Diesel 1.8,46376.72,,,,
SG-2266,Silenc. Tras. Galv. F. Fiesta - 1.3 I (95/96) y Diesel 1.8,65324.61,,,,
SG-2305,"Silenc. Tras. Galv. Honda Accord EX, LX (92/96)",111808.68,,,,
SG-2360,Silenc. Tras. Galv. Mitsubishi Pick Up - L 200 (95/99),92001.96,,,,
SG-2404,Silenc. Tras. Galv. Suzuki Fun - 1.0 I (03/06),64734.17,,,,
SG-2405,Silenc. Tras. Galv. Suz. Fun 1.4 I (04/11) y Ch. Celta 1.4,63177.54,,,,
SG-2559,Silenc. Interm. Galv. Peugeot 307 2.0 16V (01/06),73590.83,,,,
SG-2560,Silenc. Interm. Peu. 307 1.6 16V(01/12) y 308 1.6 16V(12/22),70531.26,,,,
SG-2560/1,Silenc. Interm. Peu. 307 1.6 16V(01/12) y 308 1.6 16V(12/22),68706.25,,,,
SG-2561,Silenc. Tras. Galv. Peugeot 307 y 308 1.6 16V S/Baúl,82550.83,,,,
SG-2562,Silenc. Tras. Galv. Peugeot 307 1.6 16V c/Baúl (01/10),93343.88,,,,
SG-2563,Silenc. Tras. Peugeot 307 2.0 16V y HDI S/Baúl,92431.37,,,,
SG-2564,Silenc. Interm. Galv. Peugeot 307 2.0 16V (06/12),87117.38,,,,
SG-2565,Silenc. Tras. Galv. Peugeot 307 2.0 16V c/Baúl y 408 2.0,94202.71,,,,
SG-2580,Silenc. Interm. Galv. c/Intermedia Peugeot 205 XS (94/99),70853.32,,,,
SG-2581,Silenc. Tras. Galv. Peugeot 205 XS (94/99),65270.94,,,,
SG-2589,"Silenc. Interm. Galv. Peugeot 405 - SRI, SRD, SRDT (93/97)",76382.02,,,,
SG-2590,"Silenc. Tras. Galv. Peugeot 405 - SRI, SRD, SRDT (93/97)",99355.68,,,,
SG-2650,"Silenc. Interm. Galv. Fiat Uno 70S, SX y 1300 IE (92/94)",56306.92,,,,
SG-2651,"Silenc. Tras. Galv. Fiat Uno 70S, SX y 1300 IE (92/94)",66344.47,,,,
SG-2816,Silenc. Tras. Galv. Rover 416 SI - 5 Puertas (94/99),114170.46,,,,
SG-10085,Silenc. Interm. Galv. Chevrolet Aveo 1.6 (08/14),102415.25,,,,
SG-10086,Silenc. Tras. Galv. Chevrolet Aveo 1.6 (08/14),90445.33,,,,
SG-10090,Silenc. Interm. Galv. Chevrolet  Agile 1.4 (09/17),62479.74,,,,
SG-10091,Silenc. Tras. Galv. Chevrolet  Agile 1.4 (09/17),67149.62,,,,
SG-10150,Silenc. Interm. Galv. Chevrolet Montana 1.8 (11/20),71390.09,,,,
SG-10151,Silenc. Tras. Galv. Chevrolet Montana 1.8 (11/20),81642.35,,,,
SG-10250,Silenc. Interm. Galv. Chevrolet Tracker 1.8 (12/20),106816.75,,,,
SG-10251,Silenc. Tras. Galv. Chevrolet Tracker 1.8 (12/20),104132.91,,,,
SG-10300,"Silenc. Tras. Galv. Chev. Onix , Prisma y Joy - 1.4 (13/21)",77348.21,,,,
SG-10350,Silenc. Tras. Galv. Chevrolet S-10 2.8 (13/17),120128.58,,,,
SG-10352,Silenc. Galv. Chevrolet S-10 2.8 TD (18->),159742.03,,,,
SG-10800,Silenc. Interm. Galv. Chevrolet Cruze 1.8 (10/15),79763.66,,,,
SG-10801,Silenc. Tras. Galv. Chevrolet Cruze 1.8 s/Baúl (10/15),88083.56,,,,
SG-10802,Silenc. Tras. Galv. Chevrolet Cruze 1.8 s/Baúl (10/15),90230.63,,,,
SG-10901,Silenc. Tras. Galv. Chevrolet Spin 1.8 (12->),88566.65,,,,
SG-20116,Silenc. Interm. Galv. VW Polo 1.6 MSI (17->),74234.95,,,,
SG-20117,Silenc. Tras. Galv. VW Polo 1.6 MSI (17->),81212.93,,,,
SG-20147,Silenc. Interm. Galv. VW Gol Power 1.4 (12/15),61781.95,,,,
SG-20148,Silenc. Interm. Galv. VW Gol Power 1.6 (09/11),58561.34,,,,
SG-20157,"Silenc. Interm. VW Fox, Suran, Voyage y  Gol Trend - 1.6",48094.37,,,,
SG-20160,Silenc. Interm. Galv. VW Saveiro 1.6 (10/22),48094.37,,,,
SG-20161,Silenc. Tras. Galv. VW Saveiro 1.6 (10/22) (5ta generac.),89747.54,,,,
SG-20162,Silenc. Interm. VW Saveiro 1.6 Ref. Gas (10->),84743.94,,,,
SG-20200,Silenc. Interm. Galv. VW UP 1.0 (14/21),75523.2,,,,
SG-20700,Silenc. Delant. Galv. VW Amarok 2.0 TDI (10->),92324.02,,,,
SG-20701,Silenc. Tras. Galv. VW Amarok 2.0 TDI (10->),81964.41,,,,
SG-30168,Silenc. Delant. Galv. Fiat Strada 1.6 16V E.torQ (11/19),86634.28,,,,
SG-30173,Silenc. Inter. Galv. Fiat Palio y Siena - 1.6 E.torQ (10/18),72409.94,,,,
SG-30174,Sil. Tras. FiaT Palio Etorq.1.6(12->),72678.33,,,,
SG-30175,"Reempl. Sil. Interm. Fiat Palio, Strada, Siena y Cronos",48010.93,,,,
SG-30176,Silenc. Interm. Galv. Fiat Palio Weekend 1.6 E.torQ (10/17),96618.16,,,,
SG-30177,Silenc. Tras. Galv. Fiat Palio Weekend 1.6 E.torQ (10/17),101449.07,,,,
SG-30181,Silenc. Interm. Galv. Fiat Palio Weekend Fire 1.4 (09/18),60171.64,,,,
SG-30182,Silenc. Tras. Galv. Fiat Palio Weekend Fire 1.4 (09/18),69350.37,,,,
SG-30190,Silenc. Interm. Galv. Fiat Fiorino 1.4 Fire (14->),65109.91,,,,
SG-30200,Silenc. Interm. Galv. Fiat Uno Evo 1.4 (10/16),56145.89,,,,
SG-30401,Silenc. Tras. Galv. Fiat Strada 1.4 Fire (09/15),77723.94,,,,
SG-30402,"Silenc. Tras. Reforma Gas Fiat Strada 1.4 I, 1.6 I y 1.8 I",73322.45,,,,
SG-30499,Silenc. Delant. Galv. Fiat Cronos 1.3 MT (18->),78743.66,,,,
SG-30500,Silenc. Delant. Galv. Fiat Cronos 1.3 AT (18->),79280.47,,,,
SG-30501,Silenc. Tras. Galv. Fiat Cronos 1.3 AT y MT (18->),87332.01,,,,
SG-30710,Silenc. Tras. Galv. Fiat Doblo 1.4 16V - Reforma Gas,71819.5,,,,
SG-30600,Silenc. Fiat Mobi 1.0 8v y 1.0 3 cil. (16 ->)  NUEVO - NUEVO - NUEVO,77029.15,,,,
SG-30800,Silenc. Fiat Qubo 1.4 (12-16) NUEVO - NUEVO - NUEVO,116930.47,,,,
SG-40100,Silenc. Interm. Galv. Ford Ecosport Kinetic 1.6 (12/17),80998.23,,,,
SG-40101,Silenc. Tras. Galv. Ford Ecosport Kinetic 1.6 (12/17),78797.48,,,,
SG-40102,Silenc. Tras. Ford Ecosport Kinetic 1.6 (12/17) - Refor. Gas,55770.15,,,,
SG-40103,Silenc. Tras. Ford Ecosport Kinetic 1.6 (12/17) - Refor. Gas,66022.36,,,,
SG-40105,Silenc. Interm. Galv. Ford Ecosport Kinetic 2.0 (13/17),95920.36,,,,
SG-40106,Silenc. Tras. Galv. Ford Ecosport Kinetic 2.0 (13/17),101663.78,,,,
SG-40108,Silenc. Delant. Galv. Ford Ecosport 1.5 (17/22),78260.63,,,,
SG-40109,Silenc. Tras. Galv. Ford Ecosport 1.5 (17/22),96134.96,,,,
SG-40323,Silenc. Tras. Galv. Ford Ecosport 1.6 (08/12) - Reforma Gas,54267.2,,,,
SG-40325,Silenc. Tras. Galv. F. Ecosport 1.6 y Fiesta One 1.6 s/Baúl,67793.74,,,,
SG-40326,Silenc. Interm. Galv. Ford Fiesta Kinetic - 1.6 16V (10/20),64358.43,,,,
SG-40327,Silenc. Tras. Galv. F. Fiesta Kinetic 1.6 16V s/Baúl (10/13),83252.65,,,,
SG-40328,Silenc. Tras. Galv. Ford Fiesta Kinetic - 1.6 16V s/Baúl,80354.1,,,,
SG-40329,Silenc. Tras. Galv. Ford Ka 1.0 y 1.6 (10/14),75201.14,,,,
SG-40340,Silenc. Del. Galv. Ford Focus II - 1.6 y 2.0 (08/13) S/Baúl,77670.27,,,,
SG-40341,Silenc. Int. Galv. Ford Focus II - 1.6 y 2.0 (08/13) S/Baúl,70423.9,,,,
SG-40343,Silenc. Interm. Galv. Ford Focus III - 2.0 (13/20),88512.97,,,,
SG-40344,Silenc. Tras. Galv. Ford Focus III - 2.0 (13/20),94149.03,,,,
SG-40374,"Silenc. Galv. Ford Ranger 2.2 XL, XLT y 3.2 XLS (11/23)",135211.75,,,,
SG-40400,Silenc. Interm. Galv. Ford Ka - 1.5 (16/21),72517.3,,,,
SG-40401,Silenc. Tras. Galv. Ford Ka - 1.5 (16/21),77133.5,,,,
SG-50100,Silenc. Tras. Galv. c/cola Renault Kwid 1.0 (17 ->),69618.75,,,,
SG-50394,Silenc. Interm. Galv. Renault Clio II 1.6 16V (00/09),47987.02,,,,
SG-50399,Silenc. Tras. Galv. Renault Clio Mio 1.2 (12/17),65700.35,,,,
SG-50400,Silenc. Interm. Renault Sandero y Logan 1.6 16V (13/19),58346.63,,,,
SG-50401,Silenc. Tras. R. Logan y Sandero 1.6 8V y 16V (13/19),67203.3,,,,
SG-50403,Silenc. Del. c/Boq.  Renault Sandero y Logan 1.6 16V (13/19),38662.63,,,,
SG-50453,"Reempl. Sil. Interm. R. Logan, Sandero, Oroch y Duster",41242.18,,,,
SG-50489,"Silenc. Tras. R. Kangoo 1.6 I, 1.6 16V y Dies. 1.9 Ref. Gas",68223.16,,,,
SG-50490,Silenc. Del. Galv. Renault Kangoo II 1.6 Sce (18->),61889.21,,,,
SG-50491,Silenc. Tras. Galv. Renault Kangoo II 1.6 Sce (18->),84004.02,,,,
SG-50492,Silenc. Tras. Renault Kangoo II 1.6 Sce (18->) Reforma Gas,68169.48,,,,
SG-50493,Silenc. Tras. Renault Kangoo II 1.6 Sce (18->) Reforma Gas,63338.5,,,,
SG-50610,Silenc. Interm. Galv. Renault Fluence 2.0 (10/18),66773.89,,,,
SG-50611,Silenc. Tras. Galv. Renault Fluence 2.0 (10/18),96564.48,,,,
SG-50700,Silenc. Interm. Galv. Renault Duster 1.6 16V (12/20),65700.35,,,,
SG-50701,Silenc. Tras. Galv. Renault Duster 1.6 16V (12/20),94149.03,,,,
SG-50702,Silenc. Interm. Galv. Renault Duster 2.0 16V (12/22),71926.85,,,,
SG-50703,Silenc. Tras. Galv. Renault Duster 2.0 16V (12/22),90606.36,,,,
SG-50704,Silenc. Interm. Galv. Renault Duster 2.0 4x4 (12/18),80998.23,,,,
SG-50705,Silenc. Tras. c/cola Renault Oroch 1.6 y 2.0 16V (16/22),84326.18,,,,
SG-50706,Silenc. Tras. Galv. Renault Duster 2.0 4x4 (12/18),96564.48,,,,
SG-50715,Silenc. Tras. Galv. Renault Duster 1.6 16V(12/20) Refor. Gas,74073.92,,,,
SG-50750,Reemp. Silenc. Interm. Renault Duster y Oroch - 2.0 16V,48523.79,,,,
SG-60101,Silenc. Tras. Peugeot Partner 1.4 y Diesel 1.9 Reforma Gas,58024.57,,,,
SG-60111,Silenc. Tras. Galv. Peugeot Partner 1.6 HDI (10->),75791.58,,,,
SG-60112,Silenc. Interm. Galv Peugeot Partner 1.4 (10/17),78368.06,,,,
SG-60113,Silenc. Tras. Galv. Peugeot Partner 1.4 (10/17),82018.08,,,,
SG-60201,Silenc. Tras. Galv. Peugeot 307 y 308 1.6 16V S/Baúl,71765.82,,,,
SG-60300,Silenc. Interm. Galv. Peugeot 408 - 2.0 (11/18),89640.18,,,,
SG-60302,Silenc. Del. Galv. Peugeot 408 - 1.6 16V (15/21),63982.69,,,,
SG-60560,Silen. Interm. Galv. Peugeot 207 1.6 16V (08/13),43317.14,,,,
SG-60561,Silenc. Tras. Galv. Peugeot 207 1.4 y 1.6 c/Baúl,73429.8,,,,
SG-60599,Silenc. Interm. Galv. Peugeot 208 - 1.6 16V (13/19),89103.42,,,,
SG-60600,Silenc. Tras. Galv. Peugeot 208 1.5 8V y 1.6 16V,89908.57,,,,
SG-60602,Silenc. Interm. Galv. Peugeot 208 1.6 16V (19->),82447.5,,,,
SG-60603,Silenc. Tras. Galv. Peugeot 208 1.6 16V (19->),92270.34,,,,
SG-70100,Silenc. Interm. Galv. Toyota Etios 1.5  s/Baúl  (13 ->),70048.17,,,,
SG-70101,Silenc. Interm. Galv. Toyota Etios 1.5  c/Baúl  (13 ->),70101.84,,,,
SG-80088,Silenc. Interm. Citroen C3 Picasso y C3 Aircross 1.6 (10/21),79924.69,,,,
SG-80089,Silenc. Tras. Citroen C3 Picasso y C3 Aircross 1.6 (10/21),74718.05,,,,
SG-80101,Silenc. Interm. Galv. Citroen C3 1.6 16V (13/22),83198.97,,,,
SG-80102,Silenc. Tras. Galv. Citroen C3 1.6 16V y 1.5 8V (13/22),105582.18,,,,
SG-80600,Silenc. Interm. Galv. Jeep Compass 2.4 (17/21),54213.52,,,,
SG-80601,Silenc. Tras. Galv. Jeep Compass 2.4 (17/21),105743.21,,,,
SGE-33,"Silenc. Tras. Econ. Chevrolet Corsa 1.6, 1.4 y Diesel s/Baúl",52227.48,,,,
SGE-34,"Silenc. Tras. Econ. Chevrolet Corsa 1.6, 1.4 y Diesel c/Baúl",54052.49,,,,
SGE-79,Silenc. Tras. Econ. Chevrolet Meriva - 1.8 (03/13),63338.57,,,,
SGE-100,Silenc. Tras. Econ.  VW y Dodge 1500,38056.82,,,,
SGE-100/2,Silenc. Universal Económico Ovalado Chico x 333 mm,40418.6,,,,
SGE-128,"Silenc. Tras. Econ. VW Gacel GL y Senda 1.6, Diesel",61084.15,,,,
SGE-141,Silenc. Tras. Econ. VW Gol Nacional y Brasilero 1.6,58453.99,,,,
SGE-146,"Silenc. Tras. Econ. VW Gol 1.6I, 1.6 MI y Diesel y 1.8 I",63284.9,,,,
SGE-146/1,Silenc. Tras. Econ. VW Gol Power 1.4 y 1.6,67632.71,,,,
SGE-163,"Silenc. Tras. Econ. Fiat Palio 1.6 16V, 1.7 Diesel y 1.7 TD",56521.62,,,,
SGE-196,Silenc. Tras. Económico Fiat Duna,57863.54,,,,
SGE-198,"Silenc. Tras. Económico Fiat Uno 1500, Tipo 1.6",53301.02,,,,
SGE-214/1,Silenc. Tras. Econ. Fiat Spazio 1.4 Tipo y Diesel 1300,53086.31,,,,
SGE-240,"Silenc. Tras. Econ. Ford Falcon- 188, 221, Max Econo y Rural",53784.11,,,,
SGE-253,"Silenc. Tras. Econ. Ford Escort - Audi 1.6, 1.8, XR3 (91/94)",52334.84,,,,
SGE-261,"Silenc. Tras. Econ. Ford Orion - 1.6, 1.8, 2.0 (94/96)",63123.87,,,,
SGE-262,Silenc. Tras. Econ. Ford Escort 2.0 I XR3 (95/96),62372.39,,,,
SGE-270,Silenc. Trasero Económico Ford F100,49865.71,,,,
SGE-323,"Silenc. Tras. Econ. Ford Fiesta 1.0, 1.3, 1.4 y Diesel 1.8",55179.71,,,,
SGE-325,Silenc. Tras. Econ. Ford Fiesta y Ecosport - 1.6 I (02/07),56360.59,,,,
SGE-326,Silenc. Tras. Econ. Ford Ka - 1.3 I (97/99),51529.69,,,,
SGE-381,Silenc. Tras. Econ. Renault 19 RN 1600 y Diesel 1.9 S/Baúl,60923.12,,,,
SGE-382,"Silenc. Tras. Econ. R.19 RE 1.6, RT 1700 y Dies. 1.9 C/Baúl",61406.21,,,,
SGE-391,"Silenc. Tras. Econ. Renault Clio 1.4, 1.6 y Dies 1.9 (94/99)",55340.74,,,,
SGE-394,Silenc. Tras. Econ. Renault Clio II - Sin Baúl (00/09),66559.18,,,,
SGE-406,"Silenc. Tras. Econ. Renault Megane 1.6, 2.0 y 1.9 TD (97/09)",69243.02,,,,
SGE-406/1,Silenc. Tras. Econ. Renault Megane y Scenic 1.6 16V (00/11),69243.02,,,,
SGE-460,Silenc. Tras. Econ. Renault 12 1400,47396.58,,,,
SGE-462,Silenc. Tras. Econ. Renault 12 - 1600 Caja 5ta,46913.49,,,,
SGE-471,Silenc. Tras. Econ. Renault 18 Break GTX,50080.41,,,,
SGE-475,Silenc. Tras. Econ. Renault 18 1400,47557.61,,,,
SGE-483,Silenc. Tras. Econ. Renault 11 1600,59473.85,,,,
SGE-486,Silenc. Tras. Econ. Renault 9 y 9 TXE - 1600,60279.0,,,,
SGE-511,Silenc. Tras. Econ. Peugeot 504 (83/90) y 505 (81/92),53784.11,,,,
SGE-512,Silenc. Tras. Econ. s/Sobre Dif. P. 504(83/90) y 505(81/92),45356.86,,,,
SGE-552,Silenc. Tras. Econ. Peugeot 206 - 1.6 16V y 1.4 8V (04/08),60117.97,,,,
SGE-2266,Silenc. Tras. Econ. Ford Fiesta - 1.3 I y Diesel 1.8 (95/96),49436.29,,,,
SJ-5200,Silenc. Junior Ford Escort 1.6 (86/90) y (93/94),62104.01,,,,
SJ-5205,"Silenc. Junior Ford Escort XR3 1.8 I, 2.0 I (94/96)",71336.41,,,,
SJ-5210,Silenc. Junior Ford Escort 1.8 I   s/Baúl   (97/03),70101.84,,,,
SJ-5218,Silenc. Junior F. Focus 1.8 I Zetec s/Baúl y 1.6 s/Baúl,62748.13,,,,
SJ-5219,Silenc. Junior Ford Focus 1.6 y 2.0 c/Baúl,63767.99,,,,
SJ-5222,Silenc. Junior Ford Focus III  2.0 (13/20),86419.58,,,,
SJ-5227,Silenc. Junior Ford Ka - 1.3 I (97/02),71175.38,,,,
SJ-5228,Silenc. Junior Ford Ka 1.0 y 1.6 (03/08),64090.05,,,,
SJ-5229,Silenc. Junior  Ford Ka  1.6 I  (08/10),61674.59,,,,
SJ-5232,Silenc. Junior Ford Fiesta 1.3 I (95/96),63875.34,,,,
SJ-5235,"Silenc. Junior Ford Fiesta 1.3I, 1.4I (97/99) y Dies (97/02)",61567.24,,,,
SJ-5236,Silenc. Junior Ford Fiesta 1.6 I (02/14),60923.12,,,,
SJ-5237,Silenc. Junior Ford Fiesta 1.4 TD (02/14 ),67095.95,,,,
SJ-5238,Silenc. Junior Ford Ecosport 1.6 I (03/08),63714.31,,,,
SJ-5239,Silenc. Junior Ford Fiesta Max 1.6 I (02/14),65485.64,,,,
SJ-5241,Silenc. Junior Ford Ecosport 1.6 (08/12),65807.7,,,,
SJ-5242,Silenc. Junior Ford Ecosport 2.0 (03/10),73107.74,,,,
SJ-5245,Silenc. Junior Ford Ecosport Kinetic 1.6 (12/20),73751.86,,,,
SJ-5246,Silenc. Junior Ford Ecosport Kinetic 2.0 (13/17),92324.02,,,,
SJ-5247,Silenc. Junior  Ford Ecosport 1.5 (17/22),66988.5,,,,
SJ-5250,Silenc. Junior Ford Ka 1.0 (08/10),61674.59,,,,
SJ-5251,Silenc. Junior Ford Ka 1.0 y 1.6 (10/14),61137.83,,,,
SJ-5252,Silenc. Junior Ford Ka 1.5 (16/20),74020.25,,,,
SJ-5260,Silenc. Junior Ford Fiesta Kinetic 1.6 16V  s/Baúl  (10/20),68491.54,,,,
SJ-5415,"Silenc. Junior VW Gol 1.6I, 1.8I, 2.0I y 1.6 MI (96/99)",72785.68,,,,
SJ-5416,Silenc. Junior VW Gol - 1.6 MI (00/11) y Power 1.4 (12/15),74127.6,,,,
SJ-5417,Silenc. Junior VW Gol - 1.0 I Parag. Envolvente (00/03),71336.41,,,,
SJ-5418,Silenc. Junior VW Gol 1.0 (99/00),70907.0,,,,
SJ-5419,Silenc. Junior VW Gol Trend 1.6 (08/22),71068.03,,,,
SJ-5420,Silenc. Junior VW Voyage 1.6 (07/20),74503.34,,,,
SJ-5421,Silenc. Junior VW Saviero 1.6 I (10/22),77026.15,,,,
SJ-5431,Silenc. Junior VW Polo - 1.6 I (97/09) y Diesel 1.9 (96/09),76382.02,,,,
SJ-5433,Silenc. Junior VW Polo 1.6 MSI  (17->),71658.47,,,,
SJ-5435,"Silenc. Junior VW Golf 1.8 I, 2.0 I, GTD 1.9 (96/99)",68008.45,,,,
SJ-5437,Silenc. Junior VW Golf IV - 1.6 I (99/12),73000.39,,,,
SJ-5445,Silenc. Junior VW Fox y Cross Fox 1.6 (04/19),69994.49,,,,
SJ-5465,Silenc. Junior VW Bora 2.0 (03/15),77348.21,,,,
SJ-5600,"Silenc. Junior Fiat Uno - 1.4, 1.6 (88/98)",65431.97,,,,
SJ-5601,"Silenc. Junior Fiat Duna 1.4, 1.6 (88/97)",68867.28,,,,
SJ-5603,Silenc. Junior Fiat Uno 1.3 Fire (03/06),66881.24,,,,
SJ-5604,Silenc. Junior Fiat Uno Evo 1.4 (10/16),82662.2,,,,
SJ-5615,"Silenc. Junior Fiat 147 - 1100, 1300 (83/91) y Tipo (90/96)",62587.1,,,,
SJ-5627,"Silenc. Junior Fiat Palio 1.6 16V, 1.7 TD y 1.3 Fire",67793.74,,,,
SJ-5628,Silenc. Junior Fiat Siena -1.6 I 16V y 1.7 TD (97/01),70209.2,,,,
SJ-5630,Silenc. Junior Fiat Strada 1.8 (04/10),67847.42,,,,
SJ-5632,Silenc. Junior Fiat Strada 1.6 16V E.torQ (11/19),70316.55,,,,
SJ-5645,Silenc. Junior Fiat Palio 1.8 (04/10),69404.05,,,,
SJ-5646,Silenc. Junior Fiat Palio 1.4 Fire (07/14),67632.71,,,,
SJ-5648,Silenc. Junior Fiat Palio 1.6 E.torQ (10/11),70155.52,,,,
SJ-5649,Silenc. Junior Fiat Palio E.torQ 1.6 (12/17),69565.08,,,,
SJ-5650,Silenc. Junior Fiat Punto 1.4 (07/18),69404.05,,,,
SJ-5651,Silenc. Junior Fiat Punto 1.8 (07/11),71014.35,,,,
SJ-5655,Silenc. Junior Fiat Siena 1.4 Fire (07/10),77509.24,,,,
SJ-5670,Silenc. Junior Fiat Cronos 1.3 (18->),72463.57,,,,
SJ-5805,Silenc. Junior Peugeot 106 - 1.4 I (98/03),61889.3,,,,
SJ-5820,Silenc. Junior Peugeot 306 1.8 I S  s/Baúl (96/98),63123.87,,,,
SJ-5821,Silenc. Junior Peugeot 306 - 1.8 I Con Baúl (96/98),65109.91,,,,
SJ-5825,Silenc. Junior Peugeot Partner - 1.9 (98/04),62909.16,,,,
SJ-5830,Silenc. Junior Peugeot 207 - 1.4 y 1.6 16V (08/16)  Sin Baúl,67149.62,,,,
SJ-5831,Silenc. Junior Peugeot 206 - 1.6 I Nacional (00/04),65539.32,,,,
SJ-5832,Silenc. Junior Peugeot 206 - Diesel (98/08),64626.81,,,,
SJ-5835,Silenc. Junior Peugeot 207 - 1.4 y 1.6 16V (08/15)  Con Baúl,67310.65,,,,
SJ-5837,Silenc. Junior Peugeot 208 - 1.5 (13/17) y 1.6 16V (13/19),68169.48,,,,
SJ-5839,Silenc. Junior Peugeot 208 - 1.6 16V (19 ->),63606.96,,,,
SJ-5840,Silenc. Junior Peugeot 307 - 1.6 16V s/Baúl (01/10),68330.51,,,,
SJ-5841,Silenc. Junior Peugeot 307 - 1.6 16V con Baúl (01/10),70692.29,,,,
SJ-5842,Silenc. Junior Peugeot 307 HDI 2.0 s/Baúl (01/06),68169.48,,,,
SJ-5843,Silenc. Junior Peugeot 308 1.6 16V (12/22),82125.44,,,,
SJ-6014,Silenc. Junior Renault Twingo (94/01),61781.95,,,,
SJ-6022,Silenc. Junior Renault 9 (84/95),70907.0,,,,
SJ-6040,"Silenc. Junior Renault 19 - 1.6, 1.7 y Dies. 1.9  Sin Baúl",72893.04,,,,
SJ-6041,"Silenc. Junior Renault 19 - 1.6, 1.7 y Diesel 1.9  Con Baúl",73590.83,,,,
SJ-6057,"Silenc. Junior Renault Clio 1.4 I, 1.6 I y Dies. 1.9 (94/99)",71175.38,,,,
SJ-6058,"Silenc. Junior R. Clio II - 1.6 I, 1.2 I y Dies. 1.9 s/Baúl",67471.68,,,,
SJ-6059,"Silenc. Junior R. Clio II - 1.6 I, 1.2 I y Dies. 1.9 c/Baúl",71604.79,,,,
SJ-6061,Silenc. Junior Renault Clio II - 1.2 I 16V Sin Baúl (03/12),70048.17,,,,
SJ-6062,Silenc. Junior Renault Clio II - 1.2 I 16V Con Baúl (03/10),79709.98,,,,
SJ-6063,Silenc. Junior Renault Clio Mio - 1.2 (12/17),67954.77,,,,
SJ-6070,"Silenc. Junior R. Megane 1.6 I 8V, 1.9 TDI y 2.0 I  Sin Baúl",74718.05,,,,
SJ-6071,"Silenc. Junior R. Megane 1.6 I 8V, 1.9 TDI y 2.0 I  Con Baúl",77509.24,,,,
SJ-6072,Silenc. Junior Renault Megane 1.6 I 16V   Sin Baúl  (00/09),74503.34,,,,
SJ-6073,Silenc. Junior Renault Megane 1.6 I 16V   Con Baúl  (00/09),77401.88,,,,
SJ-6076,"Silenc. Junior Ren. Megane II - 1.6I, 1.5 DCI c/Baúl (06/11)",76006.29,,,,
SJ-6080,Silenc. Junior Renault  Kangoo (99/18),71497.44,,,,
SJ-6082,Silenc. Junior Renault Kangoo II - 1.6 Sce (18->),69242.97,,,,
SJ-6086,Silenc. Junior Renault Scenic 1.6 I 16V (00/11),74395.98,,,,
SJ-6090,Silenc. Junior Renault Logan - 1.6 I 16V (07/13),66344.47,,,,
SJ-6091,Silenc. Junior Renault Logan - 1.6  8V y 16V (13/19),69081.99,,,,
SJ-6093,Silenc. Junior Renault Sandero - 1.6 (08/13),67095.95,,,,
SJ-6094,Silenc. Junior Renault Sandero - 1.6 8V 16V (13/19),67095.95,,,,
SJ-6100,Silenc. Junior Renault Symbol - 1.6  16V  (09/14),74503.34,,,,
SJ-6110,Silenc. Junior Renault Duster 1.6 (11/20),66559.18,,,,
SJ-6120,Silenc. Junior Renault Fluence 2.0 (10/18),84540.89,,,,
SJ-6200,Silenc. Junior Chev. Corsa 1.6 I Sin Baúl y Classic 1.4 I,63445.93,,,,
SJ-6201,Silenc. Junior Chevrolet Corsa - 1.6 I  Con Baúl   (95/09),66881.24,,,,
SJ-6202,Silenc. Junior Chevrolet Corsa II - 1.8 I  Sin Baúl  (99/11),65056.23,,,,
SJ-6203,Silenc. Junior Chevrolet Corsa II - 1.8 I  Con Baúl  (02/11),68974.63,,,,
SJ-6230,Silenc. Junior Chevrolet  Astra GLS 2.0 I Con Baúl (99/03),78743.8,,,,
SJ-6231,Silenc. Junior Chev. Astra CD 2.0 y Astra II 2.0 c/Baúl,78904.83,,,,
SJ-6232,Silenc. Junior Chev. Astra y Astra II - 2.0  s/Baúl  (99/11),77187.18,,,,
SJ-6240,Silenc. Junior Chevrolet Meriva 1.8 (03/13),65700.35,,,,
SJ-6250,Silenc. Junior Chevrolet Vectra 2.0  Sin Baúl  (07/11),77723.94,,,,
SJ-6260,Silenc. Junior Chevrolet  Aveo 1.6  (08/14),79387.92,,,,
SJ-6270,Silenc. Junior Chevrolet  Agile 1.4  (09/17),62909.16,,,,
SJ-6280,Silenc. Junior Chevrolet Prisma y Onix 1.4 (13/21),67471.68,,,,
SJ-6450,Silenc. Junior Toyota Etios 1.5  Sin Baúl  (13->),69779.78,,,,
SJ-6451,Silenc. Junior Toyota Etios 1.5  Con Baúl  (13->),73000.39,,,,
SJ-6600,Silenc. Junior Suzuki Fun 1.0 I (03/11),62318.71,,,,
SJ-6601,Silenc. Junior Chevrolet Celta 1.4 (11/15),62265.04,,,,
SJ-6800,Silenc. Junior Citroen C3 - 1.6 16V  (03/13),67686.39,,,,
SJ-6802,Silenc. Junior Citroen C3 - 1.6 16V (13/22),92324.02,,,,
TD-32,Intermedia c/Turbo Chevr. Corsa 1.6 y 1.4 (98/14),49328.94,,,,
TD-100,turbo central elimina silenc.original mod.73-92,26086.9,,,,
TD-127,Turbo prim. c/intermedio VW Gacel y Senda,50885.57,,,,
TD-127/1,turbo intermedio con cola,55126.03,,,,
TD-128,Turbo doble VW Gacel 1.6 (83/95),64734.17,,,,
TD-170,conjunto completo con salida de motor y turbo,50563.5,,,,
TD-192,conjunto armado turbo central y trasero Fiat 128,84540.89,,,,
TD-195,Turbo Intermedio Fiat Uno y Duna 1.6 (88/98),43639.2,,,,
TD-196,turbo trasero cola original cromada,52281.16,,,,
TD-198,turbo trasero cola original cromada,46806.13,,,,
TD-214,Conjunto armado turbo central y trasero F. Spazio - Tipo 1.4,68062.13,,,,
TD-235,Turbo tras. Cola cromada F. Falcon 221 (70/89),71121.7,,,,
TD-252/1,"Turbo tras. Cola Original F. Escort y Audi 1.6, 1.8 y Xr3",40794.33,,,,
TD-280,Turbo central F100 fase II (72/81),34782.54,,,,
TD-313/1,Turbo tras. Cola original Ford Taunus GLX (77/82),52603.22,,,,
TD-315,Turbo del.c/Intermedia F.Taunus GLX,60601.06,,,,
TD-410,turbo tras. doble cola cromada   Torino 7 Bancadas,120343.29,,,,
TD-420,turbo central doble elimina silenciador original,50134.09,,,,
TD-460,Turbo trasero R12 TS,38915.65,,,,
TD-460/1,Turbo Tras. Cola Original Cromada R12 1400,38432.56,,,,
TD-462/1,Turbo trasero cola original  cromada Mod.91,37895.79,,,,
TD-469,Turbo intermedio R18-Break GTX,54696.61,,,,
TD-505,turbo central elimina silenciador intermedio,23134.68,,,,
TD-510,Turbo central elimina silenciador intermedio,25228.08,,,,
TD-512,turbo trasero cola cromada con sobre diferencial,49006.88,,,,
TD-800,"Turbo Cental Univer. Ø3"" - Largo: 450mm Boq. Ø1""7/8 y Ø1""3/4",23725.13,,,,
TD-800/1,"Turbo Cental Univer. Ø3"" - Largo: 450mm Boq. Ø1""7/8 y Ø1""3/4",26892.06,,,,
TD-800/2,"Turbo Cental Univer. Ø3"" - Largo: 450mm   Boq. Ø 2"" 1/8",25067.05,,,,
TD-801,"Turbo Cental Univer. Ø3"" - Largo: 550mm Boq. Ø2"" y Ø1""7/8",28931.77,,,,
TD-801/1,"Turbo Cental Univer. Ø3"" - Largo: 550mm Boq. Ø2"" y Ø1""7/8",36124.46,,,,
TD-801/2,"Turbo Cental Univer. Ø3"" - Largo: 550mm Boq. Ø 2"" 1/8",30595.75,,,,
TD-802,"Turbo Cental Univer. Ø3"" - Largo: 650mm Boq. Ø2""1/8 y Ø1""7/8",32528.11,,,,
TD-803,"Turbo Cental Univer. Ø3"" - Largo: 650mm Boq. Ø 2"" 1/8",32635.47,,,,
TD-804,"Turbo Cental Univer. Ø3"" 1/2 - Largo: 400mm   Boq. Ø 1"" 7/8",28448.68,,,,
TD-804/1,"Turbo Cental Univer. Ø3"" 1/2 - Largo: 400mm   Boq. Ø 2"" 1/8",28448.68,,,,
TD-805,"Turbo Cental Univer. Ø3"" 1/2 - Largo: 450mm   Boq. Ø 2"" 1/8",34192.09,,,,
TD-806,"Turbo Cental Univer. Ø3"" 1/2 - Largo: 550mm   Boq. Ø 2"" 1/8",40848.01,,,,
TD-807,"Turbo Cental Univer. Ø3"" 1/2 - Largo: 650mm   Boq. Ø 2"" 1/8",47557.61,,,,
TD-50401,Turbo Central Renault Logan y Sandero 1.6 8V (13/19),32635.47,,,,
TD-70100,Turbo Trasero Toyota Etios 1.5 s/Baúl (13->),45088.48,,,,
TD-70101,Turbo Trasero Toyota Etios 1.5 c/Baúl (13->),48309.08,,,,
